OBJECTID,DATE,Age_0_to_9,Age_10_to_19,Age_20_to_29,Age_30_to_39,Age_40_to_49,Age_50_to_59,Age_60_to_69,Age_70_to_79,Age_80plus,Age_Unknown
1,03/29/2020 06:00:00 AM,4,21,165,203,241,243,191,117,54,0
2,03/30/2020 06:00:00 AM,5,27,188,247,262,274,219,139,53,0
3,03/31/2020 06:00:00 AM,6,32,215,290,304,335,260,157,61,0
4,04/01/2020 06:00:00 AM,6,39,252,345,372,396,309,187,79,0
5,04/02/2020 06:00:00 AM,9,46,286,410,437,471,357,217,98,0
6,04/03/2020 06:00:00 AM,9,55,335,485,509,552,423,266,124,0
7,04/04/2020 06:00:00 AM,13,65,379,557,575,625,473,299,139,0
8,04/05/2020 06:00:00 AM,16,69,422,638,666,736,546,354,162,0
9,04/06/2020 06:00:00 AM,16,76,469,718,737,825,597,407,200,0
10,04/07/2020 06:00:00 AM,21,82,505,773,795,891,643,445,216,0
11,04/08/2020 06:00:00 AM,27,109,625,968,1015,1135,833,550,267,0
12,04/09/2020 06:00:00 AM,33,127,701,1076,1145,1282,913,600,308,0
13,04/10/2020 06:00:00 AM,36,146,772,1205,1281,1421,1051,685,371,0
14,04/11/2020 06:00:00 AM,45,162,855,1317,1413,1565,1141,757,439,0
15,04/12/2020 06:00:00 AM,52,172,906,1390,1504,1675,1212,816,498,0
16,04/13/2020 06:00:00 AM,63,190,970,1511,1637,1801,1317,877,570,0
17,04/14/2020 06:00:00 AM,70,199,1030,1603,1740,1902,1389,935,604,0
18,04/15/2020 06:00:00 AM,74,204,1089,1670,1808,2005,1474,1010,698,0
19,04/16/2020 06:00:00 AM,86,231,1162,1784,1951,2138,1602,1065,765,0
20,04/17/2020 06:00:00 AM,86,242,1227,1882,2088,2287,1710,1171,879,0
21,04/18/2020 06:00:00 AM,89,254,1311,2010,2215,2399,1831,1253,946,0
22,04/19/2020 06:00:00 AM,93,277,1391,2100,2312,2492,1898,1286,981,0
23,04/20/2020 06:00:00 AM,108,300,1488,2245,2442,2632,2015,1385,1069,0
24,04/21/2020 06:00:00 AM,118,318,1543,2329,2539,2712,2083,1432,1119,0
25,04/22/2020 06:00:00 AM,132,337,1595,2415,2611,2805,2156,1512,1212,0
26,04/23/2020 06:00:00 AM,152,369,1708,2604,2786,2960,2269,1593,1296,0
27,04/24/2020 06:00:00 AM,164,395,1833,2757,2931,3094,2383,1680,1379,0
28,04/25/2020 06:00:00 AM,189,441,1982,2963,3155,3288,2548,1766,1434,0
29,04/26/2020 06:00:00 AM,212,463,2097,3109,3270,3414,2651,1837,1528,0
30,04/27/2020 06:00:00 AM,228,490,2217,3264,3436,3556,2758,1916,1622,0
31,04/28/2020 06:00:00 AM,246,512,2293,3367,3555,3675,2835,1973,1657,0
32,04/29/2020 06:00:00 AM,256,539,2393,3511,3696,3792,2927,2035,1700,0
33,04/30/2020 06:00:00 AM,294,573,2525,3684,3871,3939,3010,2083,1763,0
34,05/01/2020 06:00:00 AM,330,652,2742,4025,4226,4242,3215,2181,1859,0
35,05/02/2020 06:00:00 AM,348,701,2868,4207,4377,4400,3350,2270,1952,0
36,05/03/2020 06:00:00 AM,369,743,3043,4388,4534,4532,3459,2338,2056,0
37,05/04/2020 06:00:00 AM,385,769,3184,4550,4696,4687,3569,2424,2144,0
38,05/05/2020 06:00:00 AM,398,791,3287,4687,4841,4820,3636,2465,2192,0
39,05/06/2020 06:00:00 AM,416,834,3474,4894,5031,4996,3734,2524,2260,0
40,05/07/2020 06:00:00 AM,435,898,3681,5161,5269,5161,3860,2592,2317,0
41,05/08/2020 06:00:00 AM,486,969,3848,5376,5468,5311,3972,2666,2389,0
42,05/09/2020 06:00:00 AM,516,1015,3993,5575,5675,5464,4077,2738,2481,0
43,05/10/2020 06:00:00 AM,546,1078,4160,5777,5840,5609,4189,2801,2587,0
44,05/11/2020 06:00:00 AM,570,1131,4299,5952,5989,5707,4255,2840,2630,0
45,05/12/2020 06:00:00 AM,608,1183,4399,6084,6119,5791,4318,2884,2675,0
46,05/13/2020 06:00:00 AM,635,1238,4517,6236,6282,5898,4394,2912,2700,0
47,05/14/2020 06:00:00 AM,671,1299,4685,6475,6440,6033,4487,3004,2809,0
48,05/15/2020 06:00:00 AM,716,1383,4849,6699,6635,6194,4577,3076,2857,0
49,05/16/2020 06:00:00 AM,743,1437,5000,6880,6818,6354,4665,3142,2929,0
50,05/17/2020 06:00:00 AM,778,1480,5143,7072,6958,6484,4744,3189,2956,0
51,05/18/2020 06:00:00 AM,811,1549,5279,7266,7135,6605,4834,3244,3039,0
52,05/19/2020 06:00:00 AM,837,1602,5520,7617,7495,6964,5050,3351,3110,0
53,05/20/2020 06:00:00 AM,887,1660,5623,7777,7640,7066,5134,3388,3148,0
54,05/21/2020 06:00:00 AM,928,1736,5826,8031,7868,7267,5244,3439,3192,0
55,05/22/2020 06:00:00 AM,956,1785,5967,8189,8052,7392,5336,3498,3249,0
56,05/23/2020 06:00:00 AM,989,1852,6146,8425,8264,7556,5428,3541,3294,0
57,05/24/2020 06:00:00 AM,1018,1899,6270,8587,8411,7667,5511,3596,3354,0
58,05/25/2020 06:00:00 AM,1052,1951,6405,8728,8546,7790,5623,3644,3413,0
59,05/26/2020 06:00:00 AM,1068,1979,6480,8807,8644,7888,5678,3681,3462,0
60,05/27/2020 06:00:00 AM,1119,2025,6597,8940,8754,7994,5751,3724,3519,0
61,05/28/2020 06:00:00 AM,1182,2119,6815,9214,8989,8176,5867,3780,3567,0
62,05/29/2020 06:00:00 AM,1224,2191,7033,9460,9212,8354,5996,3877,3641,0
63,05/30/2020 06:00:00 AM,1253,2264,7187,9671,9403,8484,6116,3932,3705,0
64,05/31/2020 06:00:00 AM,1274,2319,7312,9815,9505,8596,6203,3986,3768,0
65,06/01/2020 06:00:00 AM,1294,2351,7397,9938,9598,8671,6261,4014,3803,0
66,06/02/2020 06:00:00 AM,1343,2403,7499,10085,9734,8793,6357,4080,3881,0
67,06/03/2020 06:00:00 AM,1393,2473,7621,10225,9868,8879,6461,4134,3928,0
68,06/04/2020 06:00:00 AM,1422,2538,7768,10375,10033,9006,6536,4190,3990,0
69,06/05/2020 06:00:00 AM,1457,2604,7938,10569,10191,9142,6626,4234,4009,0
70,06/06/2020 06:00:00 AM,1487,2648,8065,10702,10326,9239,6705,4272,4038,0
71,06/07/2020 06:00:00 AM,1506,2689,8144,10803,10415,9298,6751,4304,4063,0
72,06/08/2020 06:00:00 AM,1521,2723,8216,10901,10500,9365,6782,4323,4073,0
73,06/09/2020 06:00:00 AM,1541,2750,8319,10979,10596,9438,6832,4360,4089,0
74,06/10/2020 06:00:00 AM,1573,2791,8408,11089,10698,9522,6879,4389,4116,0
75,06/11/2020 06:00:00 AM,1608,2839,8531,11238,10838,9611,6941,4429,4162,0
76,06/12/2020 06:00:00 AM,1626,2879,8604,11321,10903,9670,6973,4450,4187,0
77,06/13/2020 06:00:00 AM,1720,2958,8710,11417,10998,9746,7036,4485,4235,0
78,06/14/2020 06:00:00 AM,1739,2993,8785,11502,11052,9797,7075,4510,4248,0
79,06/15/2020 06:00:00 AM,1759,3018,8856,11577,11111,9841,7094,4521,4255,0
80,06/16/2020 06:00:00 AM,1773,3036,8930,11655,11183,9894,7125,4546,4267,0
81,06/17/2020 06:00:00 AM,1792,3068,9025,11737,11277,9975,7196,4590,4309,0
82,06/18/2020 06:00:00 AM,1819,3102,9078,11788,11321,9998,7210,4600,4313,0
83,06/19/2020 06:00:00 AM,1831,3123,9121,11838,11368,10058,7238,4627,4344,0
84,06/20/2020 06:00:00 AM,1852,3163,9206,11919,11441,10123,7256,4639,4357,0
85,06/21/2020 06:00:00 AM,1880,3190,9273,11984,11493,10176,7284,4655,4371,0
86,06/22/2020 06:00:00 AM,1893,3216,9350,12029,11535,10224,7307,4667,4382,0
87,06/23/2020 06:00:00 AM,1907,3248,9459,12128,11591,10265,7338,4678,4393,0
88,06/24/2020 06:00:00 AM,1924,3268,9524,12204,11635,10317,7370,4696,4399,0
89,06/25/2020 06:00:00 AM,1937,3307,9616,12290,11708,10376,7408,4717,4418,0
90,06/26/2020 06:00:00 AM,1946,3334,9685,12360,11761,10424,7447,4726,4432,0
91,06/27/2020 06:00:00 AM,1955,3368,9749,12431,11815,10479,7479,4736,4438,0
92,06/28/2020 06:00:00 AM,1978,3408,9825,12484,11866,10521,7504,4748,4443,0
93,06/29/2020 06:00:00 AM,2006,3461,9917,12569,11948,10587,7550,4764,4452,0
94,06/30/2020 06:00:00 AM,2019,3481,9987,12625,11997,10634,7577,4777,4462,0
95,07/01/2020 06:00:00 AM,2042,3508,10056,12692,12054,10683,7619,4791,4473,0
96,07/02/2020 06:00:00 AM,2075,3558,10176,12811,12121,10731,7646,4819,4486,0
97,07/03/2020 06:00:00 AM,2098,3605,10264,12890,12183,10810,7708,4882,4521,0
98,07/04/2020 06:00:00 AM,2113,3637,10349,12969,12240,10864,7745,4893,4531,0
99,07/05/2020 06:00:00 AM,2129,3672,10422,13017,12288,10890,7765,4903,4546,0
100,07/06/2020 06:00:00 AM,2141,3700,10487,13069,12332,10926,7786,4913,4550,0
101,07/07/2020 06:00:00 AM,2155,3737,10578,13161,12406,10982,7837,4952,4588,0
102,07/08/2020 06:00:00 AM,2179,3786,10700,13255,12485,11031,7862,4967,4596,0
103,07/09/2020 06:00:00 AM,2192,3827,10854,13355,12566,11136,7920,4980,4617,0
104,07/10/2020 06:00:00 AM,2224,3879,10995,13441,12621,11177,7948,5005,4620,0
105,07/11/2020 06:00:00 AM,2243,3922,11145,13557,12688,11246,7993,5039,4634,0
106,07/12/2020 06:00:00 AM,2277,3975,11302,13695,12784,11323,8036,5066,4651,0
107,07/13/2020 06:00:00 AM,2297,4019,11422,13765,12840,11380,8065,5081,4658,0
108,07/14/2020 06:00:00 AM,2327,4084,11590,13905,12952,11467,8130,5119,4686,0
109,07/15/2020 06:00:00 AM,2355,4146,11783,14028,13067,11571,8200,5156,4710,0
110,07/16/2020 06:00:00 AM,2387,4207,11972,14183,13142,11639,8243,5173,4718,0
111,07/17/2020 06:00:00 AM,2427,4267,12178,14309,13248,11727,8286,5192,4737,0
112,07/18/2020 06:00:00 AM,2462,4352,12388,14466,13369,11832,8349,5226,4762,0
113,07/19/2020 06:00:00 AM,2496,4430,12646,14662,13500,11937,8416,5255,4789,0
114,07/20/2020 06:00:00 AM,2519,4486,12766,14768,13593,12023,8452,5277,4801,0
115,07/21/2020 06:00:00 AM,2552,4563,12983,14969,13711,12144,8507,5302,4814,0
116,07/22/2020 06:00:00 AM,2572,4613,13113,15065,13796,12210,8556,5363,4884,0
117,07/23/2020 06:00:00 AM,2592,4669,13325,15191,13881,12287,8615,5387,4889,0
118,07/24/2020 06:00:00 AM,2641,4750,13574,15387,14013,12395,8678,5419,4909,0
119,07/25/2020 06:00:00 AM,2695,4863,13914,15630,14193,12560,8775,5468,4956,0
120,07/26/2020 06:00:00 AM,2728,4927,14079,15779,14294,12644,8825,5496,4976,0
121,07/27/2020 06:00:00 AM,2777,5034,14378,16006,14449,12795,8926,5523,4988,0
122,07/28/2020 06:00:00 AM,2812,5112,14517,16122,14537,12879,8988,5552,5005,0
123,07/29/2020 06:00:00 AM,2839,5187,14706,16258,14646,12988,9048,5586,5027,0
124,07/30/2020 06:00:00 AM,2881,5299,14934,16432,14763,13068,9114,5640,5046,0
125,07/31/2020 06:00:00 AM,2943,5434,15184,16662,14935,13243,9187,5700,5058,0
126,08/01/2020 06:00:00 AM,2992,5536,15427,16837,15095,13371,9281,5748,5078,0
127,08/02/2020 06:00:00 AM,3034,5624,15631,17006,15232,13506,9350,5796,5095,0
128,08/03/2020 06:00:00 AM,3083,5720,15832,17180,15336,13625,9415,5835,5118,0
129,08/04/2020 06:00:00 AM,3109,5797,15990,17303,15442,13733,9465,5878,5137,0
130,08/05/2020 06:00:00 AM,3128,5852,16114,17395,15526,13821,9521,5908,5161,0
131,08/06/2020 06:00:00 AM,3147,5930,16244,17492,15620,13898,9565,5927,5182,0
132,08/07/2020 06:00:00 AM,3195,6022,16389,17645,15725,14017,9636,5971,5206,0
133,08/08/2020 06:00:00 AM,3237,6126,16542,17778,15846,14112,9689,6009,5242,0
134,08/09/2020 06:00:00 AM,3297,6211,16721,17958,15982,14256,9774,6053,5251,0
135,08/10/2020 06:00:00 AM,3328,6298,16891,18096,16105,14351,9842,6081,5266,0
136,08/11/2020 06:00:00 AM,3359,6367,17034,18193,16197,14427,9891,6098,5277,0
137,08/12/2020 06:00:00 AM,3379,6428,17166,18300,16270,14502,9933,6120,5286,0
138,08/13/2020 06:00:00 AM,3417,6514,17333,18428,16395,14597,10007,6163,5306,0
139,08/14/2020 06:00:00 AM,3453,6616,17470,18545,16516,14690,10071,6195,5319,0
140,08/15/2020 06:00:00 AM,3493,6698,17643,18676,16656,14803,10146,6233,5345,0
141,08/16/2020 06:00:00 AM,3520,6757,17756,18764,16726,14880,10191,6253,5365,0
142,08/17/2020 06:00:00 AM,3552,6797,17865,18860,16797,14951,10235,6279,5379,0
143,08/18/2020 06:00:00 AM,3583,6857,17968,18958,16872,15015,10290,6301,5391,0
144,08/19/2020 06:00:00 AM,3610,6902,18057,19042,16927,15064,10326,6324,5397,0
145,08/20/2020 06:00:00 AM,3643,6959,18168,19138,17017,15158,10385,6355,5406,0
146,08/21/2020 06:00:00 AM,3697,7050,18304,19247,17136,15243,10441,6373,5408,0
147,08/22/2020 06:00:00 AM,3716,7119,18459,19361,17222,15338,10486,6397,5425,0
148,08/23/2020 06:00:00 AM,3752,7208,18601,19467,17299,15406,10527,6410,5432,0
149,08/24/2020 06:00:00 AM,3788,7274,18736,19563,17377,15485,10563,6439,5444,0
150,08/25/2020 06:00:00 AM,3803,7322,18801,19635,17431,15559,10588,6455,5452,0
151,08/26/2020 06:00:00 AM,3827,7365,18902,19710,17505,15608,10623,6482,5464,0
152,08/27/2020 06:00:00 AM,3859,7445,19033,19806,17586,15691,10668,6498,5477,0
153,08/28/2020 06:00:00 AM,3878,7534,19164,19908,17680,15781,10719,6516,5484,0
154,08/29/2020 06:00:00 AM,3901,7606,19322,20016,17752,15886,10772,6542,5497,0
155,08/30/2020 06:00:00 AM,3924,7675,19447,20088,17817,15950,10809,6573,5508,0
156,08/31/2020 06:00:00 AM,3952,7741,19556,20158,17894,16003,10846,6585,5514,0
157,09/01/2020 06:00:00 AM,3983,7841,19708,20258,17963,16085,10895,6607,5523,0
158,09/02/2020 06:00:00 AM,4020,7908,19825,20322,18011,16138,10927,6630,5538,0
159,09/03/2020 06:00:00 AM,4038,8029,19998,20410,18102,16239,10995,6654,5547,0
160,09/04/2020 06:00:00 AM,4061,8189,20202,20531,18225,16339,11052,6675,5557,0
161,09/05/2020 06:00:00 AM,4096,8328,20396,20632,18312,16443,11111,6711,5578,0
162,09/06/2020 06:00:00 AM,4110,8412,20538,20704,18370,16505,11155,6737,5588,0
163,09/07/2020 06:00:00 AM,4146,8565,20741,20801,18454,16586,11204,6780,5606,0
164,09/08/2020 06:00:00 AM,4156,8637,20820,20851,18502,16634,11235,6790,5614,0
165,09/09/2020 06:00:00 AM,4172,8699,20902,20906,18539,16675,11259,6805,5618,0
166,09/10/2020 06:00:00 AM,4188,8770,21018,20968,18596,16759,11306,6830,5643,0
167,09/11/2020 06:00:00 AM,4209,8888,21184,21057,18688,16832,11352,6854,5660,0
168,09/12/2020 06:00:00 AM,4234,9075,21414,21139,18792,16915,11414,6878,5672,0
169,09/13/2020 06:00:00 AM,4258,9183,21564,21211,18866,16990,11458,6895,5685,0
170,09/14/2020 06:00:00 AM,4291,9288,21693,21279,18926,17067,11491,6916,5695,0
171,09/15/2020 06:00:00 AM,4321,9388,21850,21362,18982,17148,11548,6940,5706,0
172,09/16/2020 06:00:00 AM,4345,9518,21985,21457,19047,17222,11604,6981,5729,0
173,09/17/2020 06:00:00 AM,4366,9614,22145,21563,19115,17323,11645,7010,5738,0
174,09/18/2020 06:00:00 AM,4389,9707,22285,21649,19184,17402,11677,7026,5743,0
175,09/19/2020 06:00:00 AM,4415,9831,22458,21751,19269,17482,11737,7046,5755,0
176,09/20/2020 06:00:00 AM,4435,9911,22548,21812,19305,17540,11773,7063,5769,0
177,09/21/2020 06:00:00 AM,4448,9981,22649,21870,19370,17588,11805,7077,5780,0
178,09/22/2020 06:00:00 AM,4462,10015,22735,21933,19407,17645,11839,7091,5785,0
179,09/23/2020 06:00:00 AM,4487,10075,22823,21983,19460,17704,11871,7103,5791,0
180,09/24/2020 06:00:00 AM,4505,10140,22938,22064,19530,17784,11917,7122,5800,0
181,09/25/2020 06:00:00 AM,4532,10212,23055,22163,19617,17864,11962,7145,5809,0
182,09/26/2020 06:00:00 AM,4558,10290,23195,22265,19691,17965,12026,7167,5815,0
183,09/27/2020 06:00:00 AM,4585,10361,23291,22328,19742,18021,12060,7183,5832,0
184,09/28/2020 06:00:00 AM,4616,10435,23386,22405,19804,18091,12096,7206,5841,0
185,09/29/2020 06:00:00 AM,4635,10483,23471,22484,19865,18153,12137,7231,5852,0
186,09/30/2020 06:00:00 AM,4656,10521,23564,22550,19913,18223,12175,7262,5861,0
187,10/01/2020 06:00:00 AM,4689,10681,23741,22654,20006,18322,12239,7303,5875,0
188,10/02/2020 06:00:00 AM,4723,10781,23880,22770,20106,18419,12312,7342,5889,0
189,10/03/2020 06:00:00 AM,4751,10858,24012,22859,20196,18490,12368,7374,5911,0
190,10/04/2020 06:00:00 AM,4777,10918,24113,22934,20267,18546,12419,7394,5922,0
191,10/05/2020 06:00:00 AM,4813,10981,24196,23012,20351,18606,12471,7424,5937,0
192,10/06/2020 06:00:00 AM,4825,11030,24274,23085,20405,18677,12509,7443,5956,0
193,10/07/2020 06:00:00 AM,4848,11082,24365,23156,20469,18749,12553,7475,5967,0
194,10/08/2020 06:00:00 AM,4886,11199,24524,23259,20588,18853,12626,7507,5983,0
195,10/09/2020 06:00:00 AM,4924,11283,24663,23393,20690,18965,12691,7550,6000,0
196,10/10/2020 06:00:00 AM,4957,11358,24778,23506,20775,19055,12766,7583,6017,0
197,10/11/2020 06:00:00 AM,4983,11407,24882,23603,20854,19143,12842,7614,6029,0
198,10/12/2020 06:00:00 AM,5016,11483,24972,23672,20929,19221,12889,7639,6040,0
199,10/13/2020 06:00:00 AM,5048,11539,25068,23751,20994,19294,12937,7662,6050,0
200,10/14/2020 06:00:00 AM,5072,11596,25174,23855,21074,19373,13005,7695,6074,0
201,10/15/2020 06:00:00 AM,5104,11662,25277,23966,21175,19463,13076,7725,6100,0
202,10/16/2020 06:00:00 AM,5156,11729,25415,24133,21291,19572,13149,7759,6125,0
203,10/17/2020 06:00:00 AM,5203,11796,25581,24286,21419,19673,13232,7794,6143,0
204,10/18/2020 06:00:00 AM,5222,11855,25674,24380,21508,19744,13288,7831,6155,0
205,10/19/2020 06:00:00 AM,5248,11904,25760,24472,21584,19815,13346,7853,6172,0
206,10/20/2020 06:00:00 AM,5274,11963,25866,24586,21669,19912,13403,7886,6185,0
207,10/21/2020 06:00:00 AM,5297,12013,25953,24675,21746,20000,13448,7913,6191,0
208,10/22/2020 06:00:00 AM,5347,12086,26093,24802,21873,20106,13523,7948,6201,0
209,10/23/2020 06:00:00 AM,5376,12168,26232,24916,21983,20210,13593,7988,6225,0
210,10/24/2020 06:00:00 AM,5428,12241,26393,25061,22096,20334,13672,8022,6240,0
211,10/25/2020 06:00:00 AM,5466,12326,26546,25206,22233,20440,13746,8057,6259,0
212,10/26/2020 06:00:00 AM,5492,12366,26681,25322,22320,20511,13794,8082,6276,0
213,10/27/2020 06:00:00 AM,5519,12450,26854,25493,22470,20646,13884,8129,6296,0
214,10/28/2020 06:00:00 AM,5553,12514,26984,25604,22576,20732,13961,8173,6328,0
215,10/29/2020 06:00:00 AM,5611,12601,27162,25795,22721,20866,14046,8232,6353,0
216,10/30/2020 06:00:00 AM,5663,12699,27323,25943,22871,21007,14131,8291,6386,0
217,10/31/2020 06:00:00 AM,5713,12798,27535,26141,23016,21138,14216,8317,6407,0
218,11/01/2020 05:00:00 AM,5768,12866,27700,26311,23139,21283,14296,8355,6427,0
219,11/02/2020 05:00:00 AM,5822,12935,27861,26474,23279,21407,14366,8397,6454,0
220,11/03/2020 05:00:00 AM,5852,13008,28009,26614,23415,21498,14455,8440,6475,0
221,11/04/2020 05:00:00 AM,5901,13103,28208,26793,23576,21647,14554,8489,6495,0
222,11/05/2020 05:00:00 AM,5951,13205,28429,27036,23754,21817,14666,8563,6543,0
223,11/06/2020 05:00:00 AM,6004,13350,28782,27317,23989,22058,14802,8626,6577,0
224,11/07/2020 05:00:00 AM,6040,13496,29102,27602,24188,22256,14924,8683,6624,0
225,11/08/2020 05:00:00 AM,6103,13596,29316,27768,24364,22405,15047,8739,6658,0
226,11/09/2020 05:00:00 AM,6176,13754,29618,27996,24568,22612,15163,8798,6686,0
227,11/10/2020 05:00:00 AM,6236,13902,29895,28213,24751,22833,15303,8854,6722,0
228,11/11/2020 05:00:00 AM,6320,14076,30237,28497,25002,23093,15481,8934,6783,0
229,11/12/2020 05:00:00 AM,6389,14223,30492,28718,25249,23341,15642,9015,6831,0
230,11/13/2020 05:00:00 AM,6461,14384,30844,29060,25562,23636,15815,9122,6885,0
231,11/14/2020 05:00:00 AM,6565,14569,31321,29495,25933,24009,16006,9241,6951,0
232,11/15/2020 05:00:00 AM,6654,14714,31680,29784,26207,24313,16227,9348,7003,0
233,11/16/2020 05:00:00 AM,6740,14853,32015,30092,26485,24589,16387,9444,7051,0
234,11/17/2020 05:00:00 AM,6842,15036,32423,30500,26836,24922,16582,9549,7115,0
235,11/18/2020 05:00:00 AM,6944,15221,32786,30859,27146,25229,16782,9676,7180,0
236,11/19/2020 05:00:00 AM,7082,15484,33325,31386,27633,25669,17061,9828,7265,0
237,11/20/2020 05:00:00 AM,7184,15718,33762,31807,27991,26040,17286,9946,7352,0
238,11/21/2020 05:00:00 AM,7320,15957,34300,32331,28398,26482,17590,10114,7479,0
239,11/22/2020 05:00:00 AM,7429,16176,34704,32691,28709,26824,17793,10249,7564,0
240,11/23/2020 05:00:00 AM,7513,16354,35062,32956,28952,27079,17948,10330,7603,0
241,11/24/2020 05:00:00 AM,7609,16515,35360,33239,29224,27328,18110,10419,7660,0
242,11/25/2020 05:00:00 AM,7771,16751,35858,33703,29630,27738,18383,10576,7751,0
243,11/26/2020 05:00:00 AM,7886,16947,36275,34097,29995,28056,18590,10725,7909,0
244,11/27/2020 05:00:00 AM,7986,17150,36750,34508,30373,28403,18818,10858,8012,0
245,11/28/2020 05:00:00 AM,8049,17307,37051,34796,30611,28654,18953,10955,8072,0
246,11/29/2020 05:00:00 AM,8172,17490,37401,35102,30884,28962,19165,11085,8186,0
247,11/30/2020 05:00:00 AM,8278,17674,37772,35412,31149,29273,19367,11205,8240,0
248,12/01/2020 05:00:00 AM,8405,17887,38256,35921,31581,29727,19665,11374,8319,0
249,12/02/2020 05:00:00 AM,8479,18083,38682,36308,31883,30084,19914,11516,8406,0
250,12/03/2020 05:00:00 AM,8591,18253,39050,36625,32185,30396,20120,11663,8516,0
251,12/04/2020 05:00:00 AM,8785,18587,39694,37254,32739,31000,20549,11919,8664,0
252,12/05/2020 05:00:00 AM,8945,18896,40337,37798,33229,31464,20849,12111,8755,0
253,12/06/2020 05:00:00 AM,9117,19164,40817,38207,33635,31890,21104,12241,8852,0
254,12/07/2020 05:00:00 AM,9253,19382,41215,38557,33992,32247,21349,12413,8921,0
255,12/08/2020 05:00:00 AM,9391,19638,41669,39037,34386,32658,21600,12571,9011,0
256,12/09/2020 05:00:00 AM,9545,19923,42137,39477,34759,33064,21883,12752,9113,0
257,12/10/2020 05:00:00 AM,9738,20220,42686,40062,35278,33543,22192,12928,9208,0
258,12/11/2020 05:00:00 AM,9883,20457,43148,40540,35636,33921,22489,13087,9310,0
259,12/12/2020 05:00:00 AM,10075,20807,43717,41164,36182,34447,22877,13285,9455,0
260,12/13/2020 05:00:00 AM,10237,21081,44163,41596,36594,34814,23167,13434,9561,0
261,12/14/2020 05:00:00 AM,10390,21301,44547,42011,36913,35158,23437,13553,9651,0
262,12/15/2020 05:00:00 AM,10498,21536,44931,42454,37257,35563,23692,13703,9728,0
263,12/16/2020 05:00:00 AM,10624,21751,45341,42859,37627,35968,23949,13849,9799,0
264,12/17/2020 05:00:00 AM,10755,21965,45709,43197,37983,36329,24180,13995,9871,0
265,12/18/2020 05:00:00 AM,10900,22190,46145,43654,38409,36720,24451,14140,9944,0
266,12/19/2020 05:00:00 AM,11037,22406,46480,44052,38744,37068,24680,14268,10019,0
267,12/20/2020 05:00:00 AM,11153,22600,46838,44396,39053,37363,24891,14380,10134,0
268,12/21/2020 05:00:00 AM,11276,22817,47202,44775,39373,37742,25160,14525,10203,0
269,12/22/2020 05:00:00 AM,11398,23016,47619,45177,39719,38113,25423,14656,10276,0
270,12/23/2020 05:00:00 AM,11525,23227,48027,45591,40125,38507,25684,14824,10352,0
271,12/24/2020 05:00:00 AM,11669,23532,48479,46058,40561,38964,26007,14993,10465,0
272,12/25/2020 05:00:00 AM,11793,23753,48920,46453,40890,39365,26275,15157,10554,0
273,12/26/2020 05:00:00 AM,11917,23981,49312,46800,41242,39746,26497,15293,10652,0
274,12/27/2020 05:00:00 AM,12028,24136,49606,47082,41484,40018,26709,15405,10730,0
275,12/28/2020 05:00:00 AM,12135,24325,49926,47404,41784,40342,26937,15521,10809,0
276,12/29/2020 05:00:00 AM,12236,24482,50263,47723,42072,40643,27145,15633,10864,0
277,12/30/2020 05:00:00 AM,12351,24706,50679,48146,42462,41105,27484,15804,10952,0
278,12/31/2020 05:00:00 AM,12541,25021,51169,48615,42905,41557,27801,16004,11049,0
279,01/01/2021 05:00:00 AM,12737,25363,51773,49237,43421,42133,28180,16188,11187,0
280,01/02/2021 05:00:00 AM,12912,25677,52300,49734,43843,42575,28496,16340,11294,0
281,01/03/2021 05:00:00 AM,13047,25897,52657,50090,44144,42917,28737,16476,11354,0
282,01/04/2021 05:00:00 AM,13202,26159,53055,50500,44481,43330,29009,16633,11433,0
283,01/05/2021 05:00:00 AM,13295,26358,53433,50844,44769,43613,29216,16746,11484,0
284,01/06/2021 05:00:00 AM,13467,26685,54057,51321,45270,44079,29520,16936,11569,0
285,01/07/2021 05:00:00 AM,13607,27006,54555,51831,45744,44523,29853,17102,11653,0
286,01/08/2021 05:00:00 AM,13810,27406,55229,52440,46305,45056,30236,17348,11776,0
287,01/09/2021 05:00:00 AM,14034,27838,55920,53060,46843,45603,30626,17543,11897,0
288,01/10/2021 05:00:00 AM,14233,28188,56532,53588,47306,46122,30947,17734,12024,0
289,01/11/2021 05:00:00 AM,14427,28562,57034,54123,47743,46579,31241,17879,12098,0
290,01/12/2021 05:00:00 AM,14577,28862,57488,54600,48133,47011,31507,18014,12159,0
291,01/13/2021 05:00:00 AM,14722,29164,57920,54983,48506,47402,31756,18157,12257,0
292,01/14/2021 05:00:00 AM,14892,29454,58464,55448,48930,47857,32074,18350,12346,0
293,01/15/2021 05:00:00 AM,15076,29735,58993,55907,49328,48294,32422,18519,12465,0
294,01/16/2021 05:00:00 AM,15291,30049,59546,56430,49820,48840,32780,18694,12581,0
295,01/17/2021 05:00:00 AM,15449,30293,59936,56819,50167,49245,33047,18833,12656,0
296,01/18/2021 05:00:00 AM,15570,30475,60220,57114,50412,49529,33235,18936,12723,0
297,01/19/2021 05:00:00 AM,15681,30689,60532,57460,50701,49800,33468,19039,12816,0
298,01/20/2021 05:00:00 AM,15817,30930,60897,57790,51021,50120,33703,19171,12904,0
299,01/21/2021 05:00:00 AM,15952,31195,61261,58110,51318,50476,33924,19304,12979,0
300,01/22/2021 05:00:00 AM,16085,31438,61643,58501,51651,50855,34189,19457,13096,0
301,01/23/2021 05:00:00 AM,16245,31724,62036,58872,51994,51239,34452,19590,13155,0
302,01/24/2021 05:00:00 AM,16387,31960,62373,59221,52290,51558,34705,19728,13230,0
303,01/25/2021 05:00:00 AM,16505,32158,62624,59508,52528,51822,34875,19831,13287,0
304,01/26/2021 05:00:00 AM,16603,32319,62872,59778,52732,52043,35039,19898,13336,0
305,01/27/2021 05:00:00 AM,16749,32515,63184,60096,53016,52351,35266,19993,13389,0
306,01/28/2021 05:00:00 AM,16864,32737,63548,60429,53340,52676,35516,20159,13480,0
307,01/29/2021 05:00:00 AM,17006,32913,63847,60746,53634,52974,35690,20271,13548,0
308,01/30/2021 05:00:00 AM,17163,33134,64194,61061,53906,53282,35930,20424,13632,0
309,01/31/2021 05:00:00 AM,17278,33303,64475,61330,54157,53540,36126,20545,13719,0
310,02/01/2021 05:00:00 AM,17350,33456,64671,61509,54327,53696,36248,20617,13762,0
311,02/02/2021 05:00:00 AM,17402,33543,64847,61665,54457,53834,36330,20676,13787,0
312,02/03/2021 05:00:00 AM,17454,33622,65016,61792,54609,53979,36432,20749,13830,0
313,02/04/2021 05:00:00 AM,17553,33768,65286,62056,54841,54236,36585,20839,13873,0
314,02/05/2021 05:00:00 AM,17631,33946,65560,62306,55056,54457,36751,20929,13948,0
315,02/06/2021 05:00:00 AM,17726,34114,65805,62540,55262,54664,36925,21039,14009,0
316,02/07/2021 05:00:00 AM,17841,34275,66063,62789,55481,54891,37084,21140,14086,0
317,02/08/2021 05:00:00 AM,17907,34390,66210,62916,55588,55030,37185,21212,14115,0
318,02/09/2021 05:00:00 AM,17959,34519,66387,63082,55711,55177,37271,21275,14148,0
319,02/10/2021 05:00:00 AM,18042,34643,66590,63282,55852,55357,37397,21325,14178,0
320,02/11/2021 05:00:00 AM,18124,34777,66784,63450,55998,55548,37530,21420,14234,0
321,02/12/2021 05:00:00 AM,18183,34899,66979,63614,56151,55708,37659,21492,14292,0
322,02/13/2021 05:00:00 AM,18249,35064,67165,63816,56325,55881,37770,21536,14330,0
323,02/14/2021 05:00:00 AM,18317,35174,67281,63944,56440,56013,37870,21583,14361,0
324,02/15/2021 05:00:00 AM,18352,35274,67395,64049,56550,56128,37952,21623,14382,0
325,02/16/2021 05:00:00 AM,18378,35332,67500,64132,56618,56200,38007,21655,14399,0
326,02/17/2021 05:00:00 AM,18437,35423,67640,64243,56728,56314,38085,21693,14417,0
327,02/18/2021 05:00:00 AM,18510,35529,67808,64379,56851,56481,38191,21758,14459,0
328,02/19/2021 05:00:00 AM,18578,35659,68012,64526,56969,56626,38295,21827,14482,0
329,02/20/2021 05:00:00 AM,18625,35771,68153,64634,57079,56740,38363,21864,14508,0
330,02/21/2021 05:00:00 AM,18677,35859,68258,64736,57163,56822,38419,21895,14526,0
331,02/22/2021 05:00:00 AM,18716,35954,68380,64832,57241,56909,38475,21920,14539,0
332,02/23/2021 05:00:00 AM,18747,36063,68525,64921,57317,56997,38553,21952,14553,0
333,02/24/2021 05:00:00 AM,18794,36183,68689,65052,57444,57111,38643,22003,14571,0
334,02/25/2021 05:00:00 AM,18847,36293,68877,65219,57581,57257,38760,22046,14586,0
335,02/26/2021 05:00:00 AM,18909,36426,69089,65363,57715,57385,38861,22080,14608,0
336,02/27/2021 05:00:00 AM,18969,36540,69262,65501,57814,57501,38945,22112,14628,0
337,02/28/2021 05:00:00 AM,19023,36651,69434,65624,57921,57628,39014,22152,14652,0
338,03/01/2021 05:00:00 AM,19074,36736,69548,65718,57995,57707,39070,22185,14669,0
339,03/02/2021 05:00:00 AM,19097,36791,69645,65806,58050,57769,39118,22215,14679,0
340,03/03/2021 05:00:00 AM,19159,36901,69782,65937,58148,57893,39193,22249,14694,0
341,03/04/2021 05:00:00 AM,19216,37000,69938,66060,58252,58014,39282,22292,14711,0
342,03/05/2021 05:00:00 AM,19283,37126,70120,66217,58371,58145,39341,22338,14737,0
343,03/06/2021 05:00:00 AM,19329,37242,70292,66388,58502,58273,39452,22382,14750,0
344,03/07/2021 05:00:00 AM,19382,37337,70427,66484,58618,58363,39519,22418,14771,0
345,03/08/2021 05:00:00 AM,19426,37430,70592,66590,58704,58442,39598,22458,14795,0
346,03/09/2021 05:00:00 AM,19462,37532,70698,66693,58809,58542,39646,22482,14802,0
347,03/10/2021 05:00:00 AM,19516,37640,70899,66837,58936,58681,39729,22513,14815,0
348,03/11/2021 05:00:00 AM,19598,37768,71050,66983,59076,58810,39821,22544,14840,0
349,03/12/2021 05:00:00 AM,19670,37922,71256,67143,59200,58962,39899,22572,14856,0
350,03/13/2021 05:00:00 AM,19774,38048,71467,67329,59361,59123,39992,22614,14873,0
351,03/14/2021 06:00:00 AM,19851,38160,71631,67460,59475,59263,40071,22649,14881,0
352,03/15/2021 06:00:00 AM,19899,38242,71737,67560,59553,59373,40129,22676,14889,0
353,03/16/2021 06:00:00 AM,19938,38326,71853,67679,59645,59471,40191,22714,14899,0
354,03/17/2021 06:00:00 AM,20018,38442,71996,67870,59756,59594,40286,22753,14918,0
355,03/18/2021 06:00:00 AM,20104,38561,72213,68027,59934,59760,40413,22798,14936,0
356,03/19/2021 06:00:00 AM,20184,38718,72474,68239,60078,59911,40508,22832,14954,0
357,03/20/2021 06:00:00 AM,20261,38869,72736,68427,60216,60078,40601,22860,14968,0
358,03/21/2021 06:00:00 AM,20358,39010,72923,68580,60365,60217,40689,22901,14980,0
359,03/22/2021 06:00:00 AM,20428,39095,73042,68692,60465,60312,40739,22935,14997,0
360,03/23/2021 06:00:00 AM,20491,39191,73192,68816,60556,60411,40794,22961,15015,0
361,03/24/2021 06:00:00 AM,20585,39331,73412,69034,60705,60578,40911,23016,15028,0
362,03/25/2021 06:00:00 AM,20674,39518,73714,69228,60911,60779,41043,23061,15054,0
363,03/26/2021 06:00:00 AM,20777,39696,74022,69448,61089,60963,41166,23100,15082,0
364,03/27/2021 06:00:00 AM,20882,39881,74306,69669,61295,61143,41279,23151,15103,0
365,03/28/2021 06:00:00 AM,21003,40074,74551,69888,61474,61321,41408,23207,15118,0
366,03/29/2021 06:00:00 AM,21098,40193,74745,70040,61622,61482,41509,23256,15130,0
367,03/30/2021 06:00:00 AM,21150,40301,74927,70196,61761,61632,41578,23289,15144,0
368,03/31/2021 06:00:00 AM,21258,40463,75178,70446,61950,61849,41704,23337,15159,0
369,04/01/2021 06:00:00 AM,21364,40644,75502,70723,62171,62091,41857,23393,15183,0
370,04/02/2021 06:00:00 AM,21474,40812,75804,70971,62381,62317,41971,23450,15205,0
371,04/03/2021 06:00:00 AM,21575,40975,76059,71200,62541,62508,42076,23506,15220,0
372,04/04/2021 06:00:00 AM,21715,41181,76423,71491,62748,62748,42219,23569,15235,0
373,04/05/2021 06:00:00 AM,21783,41278,76590,71622,62897,62859,42305,23608,15246,0
374,04/06/2021 06:00:00 AM,21840,41389,76771,71775,63018,62985,42376,23639,15262,0
375,04/07/2021 06:00:00 AM,21960,41570,77042,72026,63237,63205,42511,23688,15287,0
376,04/08/2021 06:00:00 AM,22051,41741,77290,72264,63420,63393,42612,23735,15317,0
377,04/09/2021 06:00:00 AM,22226,42023,77650,72567,63644,63660,42768,23783,15342,0
378,04/10/2021 06:00:00 AM,22361,42256,77969,72872,63847,63876,42863,23829,15374,0
379,04/11/2021 06:00:00 AM,22503,42474,78242,73125,64062,64082,42971,23881,15390,0
380,04/12/2021 06:00:00 AM,22594,42624,78423,73291,64205,64207,43057,23914,15400,0
381,04/13/2021 06:00:00 AM,22665,42794,78657,73460,64359,64352,43150,23956,15406,0
382,04/14/2021 06:00:00 AM,22833,43006,78970,73714,64568,64579,43270,23997,15414,0
383,04/15/2021 06:00:00 AM,22961,43207,79264,73954,64762,64780,43386,24043,15438,0
384,04/16/2021 06:00:00 AM,23112,43420,79595,74210,64986,64998,43499,24089,15450,0
385,04/17/2021 06:00:00 AM,23240,43698,79873,74458,65164,65235,43607,24122,15462,0
386,04/18/2021 06:00:00 AM,23378,43863,80081,74652,65324,65382,43701,24168,15479,0
387,04/19/2021 06:00:00 AM,23447,43945,80180,74754,65428,65459,43758,24194,15494,0
388,04/20/2021 06:00:00 AM,23518,44078,80332,74939,65559,65582,43836,24230,15510,0
389,04/21/2021 06:00:00 AM,23645,44251,80524,75154,65724,65758,43934,24270,15529,0
390,04/22/2021 06:00:00 AM,23784,44423,80728,75351,65904,65923,44034,24303,15542,0
391,04/23/2021 06:00:00 AM,23915,44610,80968,75544,66038,66065,44124,24331,15560,0
392,04/24/2021 06:00:00 AM,24046,44809,81199,75732,66211,66201,44218,24367,15568,0
393,04/25/2021 06:00:00 AM,24147,44948,81367,75879,66336,66307,44296,24398,15579,0
394,04/26/2021 06:00:00 AM,24206,45027,81455,75980,66419,66397,44332,24414,15584,0
395,04/27/2021 06:00:00 AM,24260,45119,81583,76116,66504,66486,44392,24435,15596,0
396,04/28/2021 06:00:00 AM,24366,45270,81774,76272,66647,66623,44460,24470,15611,0
397,04/29/2021 06:00:00 AM,24484,45402,81957,76430,66775,66751,44532,24504,15624,0
398,04/30/2021 06:00:00 AM,24587,45550,82127,76592,66914,66873,44595,24524,15639,0
399,05/01/2021 06:00:00 AM,24705,45704,82324,76721,67029,66989,44653,24563,15652,0
400,05/02/2021 06:00:00 AM,24774,45782,82446,76850,67117,67085,44693,24579,15663,0
401,05/03/2021 06:00:00 AM,24839,45873,82537,76940,67173,67147,44731,24595,15674,0
402,05/04/2021 06:00:00 AM,24885,45943,82604,77044,67237,67223,44773,24615,15686,0
403,05/05/2021 06:00:00 AM,24958,46045,82732,77168,67314,67297,44831,24650,15694,0
404,05/06/2021 06:00:00 AM,24998,46137,82839,77272,67402,67378,44867,24669,15705,0
405,05/07/2021 06:00:00 AM,25083,46247,82973,77404,67514,67470,44935,24694,15715,0
406,05/08/2021 06:00:00 AM,25136,46351,83087,77529,67582,67557,44993,24728,15728,0
407,05/09/2021 06:00:00 AM,25172,46427,83162,77604,67642,67610,45029,24742,15737,0
408,05/10/2021 06:00:00 AM,25196,46464,83213,77660,67671,67647,45056,24753,15741,0
409,05/11/2021 06:00:00 AM,25232,46527,83273,77739,67720,67696,45088,24775,15750,0
410,05/12/2021 06:00:00 AM,25283,46590,83361,77828,67790,67746,45122,24792,15759,0
411,05/13/2021 06:00:00 AM,25345,46669,83438,77900,67861,67801,45154,24812,15765,0
412,05/14/2021 06:00:00 AM,25415,46740,83534,77977,67929,67866,45188,24832,15776,0
413,05/15/2021 06:00:00 AM,25445,46802,83600,78046,67982,67924,45214,24842,15780,0
414,05/16/2021 06:00:00 AM,25480,46851,83659,78110,68038,67971,45254,24854,15787,0
415,05/17/2021 06:00:00 AM,25499,46891,83683,78148,68076,67994,45271,24858,15796,0
416,05/18/2021 06:00:00 AM,25521,46931,83718,78188,68100,68012,45284,24871,15803,0
417,05/19/2021 06:00:00 AM,25550,46994,83777,78252,68137,68047,45309,24884,15815,0
418,05/20/2021 06:00:00 AM,25587,47045,83834,78311,68173,68077,45332,24904,15821,0
419,05/21/2021 06:00:00 AM,25638,47112,83917,78380,68227,68134,45369,24921,15829,0
420,05/22/2021 06:00:00 AM,25694,47177,84002,78466,68287,68209,45418,24957,15838,0
421,05/23/2021 06:00:00 AM,25725,47214,84046,78512,68323,68234,45435,24962,15841,0
422,05/24/2021 06:00:00 AM,25758,47243,84077,78545,68357,68267,45453,24973,15847,0
423,05/25/2021 06:00:00 AM,25776,47256,84111,78577,68372,68285,45470,24982,15851,0
424,05/26/2021 06:00:00 AM,25809,47277,84142,78611,68399,68308,45483,24996,15853,0
425,05/27/2021 06:00:00 AM,25847,47305,84176,78640,68426,68343,45500,25003,15855,0
426,05/28/2021 06:00:00 AM,25879,47335,84224,78690,68453,68364,45523,25013,15862,0
427,05/29/2021 06:00:00 AM,25893,47365,84253,78726,68484,68380,45534,25023,15870,0
428,05/30/2021 06:00:00 AM,25920,47411,84302,78759,68518,68416,45551,25027,15873,0
429,05/31/2021 06:00:00 AM,25929,47422,84322,78785,68535,68431,45564,25032,15874,0
430,06/01/2021 06:00:00 AM,25942,47433,84336,78801,68550,68448,45570,25036,15879,0
431,06/02/2021 06:00:00 AM,25948,47444,84348,78811,68556,68456,45580,25038,15879,0
432,06/03/2021 06:00:00 AM,25964,47464,84372,78838,68569,68474,45589,25042,15882,0
433,06/04/2021 06:00:00 AM,25977,47482,84389,78867,68582,68497,45606,25049,15890,0
434,06/05/2021 06:00:00 AM,25986,47501,84403,78889,68601,68517,45616,25058,15900,0
435,06/06/2021 06:00:00 AM,25996,47510,84422,78905,68613,68536,45629,25061,15903,0
436,06/07/2021 06:00:00 AM,26009,47518,84438,78916,68624,68548,45635,25066,15905,0
437,06/08/2021 06:00:00 AM,26012,47527,84453,78934,68630,68561,45645,25069,15906,0
438,06/09/2021 06:00:00 AM,26024,47545,84476,78953,68646,68575,45658,25073,15913,0
439,06/10/2021 06:00:00 AM,26035,47556,84498,78973,68666,68591,45672,25078,15915,0
440,06/11/2021 06:00:00 AM,26048,47568,84520,78997,68678,68606,45684,25080,15916,0
441,06/12/2021 06:00:00 AM,26066,47569,84537,79014,68687,68619,45691,25083,15917,0
442,06/13/2021 06:00:00 AM,26074,47580,84550,79025,68698,68631,45699,25090,15918,0
443,06/14/2021 06:00:00 AM,26080,47590,84559,79035,68708,68637,45705,25092,15919,0
444,06/15/2021 06:00:00 AM,26088,47595,84567,79048,68716,68648,45709,25095,15926,0
445,06/16/2021 06:00:00 AM,26092,47610,84580,79058,68721,68666,45720,25096,15927,0
446,06/17/2021 06:00:00 AM,26099,47619,84592,79072,68734,68675,45725,25103,15930,0
447,06/18/2021 06:00:00 AM,26109,47634,84610,79084,68749,68681,45732,25104,15932,0
448,06/19/2021 06:00:00 AM,26111,47643,84619,79096,68759,68688,45742,25104,15935,0
449,06/20/2021 06:00:00 AM,26112,47648,84632,79103,68764,68695,45743,25105,15937,0
450,06/21/2021 06:00:00 AM,26116,47652,84639,79107,68774,68699,45748,25106,15938,0
451,06/22/2021 06:00:00 AM,26121,47662,84646,79113,68783,68707,45749,25107,15940,0
452,06/23/2021 06:00:00 AM,26126,47672,84650,79129,68789,68712,45754,25110,15945,0
453,06/24/2021 06:00:00 AM,26134,47676,84660,79142,68796,68724,45760,25114,15947,0
454,06/25/2021 06:00:00 AM,26144,47685,84673,79150,68803,68737,45765,25114,15946,0
455,06/26/2021 06:00:00 AM,26149,47691,84688,79167,68810,68742,45770,25115,15946,0
456,06/27/2021 06:00:00 AM,26155,47702,84703,79178,68814,68751,45774,25120,15947,0
457,06/28/2021 06:00:00 AM,26162,47706,84706,79182,68822,68757,45776,25123,15947,0
458,06/29/2021 06:00:00 AM,26166,47710,84710,79186,68826,68762,45782,25126,15949,0
459,06/30/2021 06:00:00 AM,26171,47719,84720,79199,68834,68770,45788,25127,15951,0
460,07/01/2021 06:00:00 AM,26179,47723,84737,79209,68848,68777,45799,25131,15951,0
461,07/02/2021 06:00:00 AM,26187,47742,84760,79219,68858,68785,45804,25132,15952,0
462,07/03/2021 06:00:00 AM,26199,47757,84771,79239,68871,68793,45813,25138,15954,0
463,07/04/2021 06:00:00 AM,26207,47766,84780,79249,68877,68797,45822,25142,15956,0
464,07/05/2021 06:00:00 AM,26213,47773,84783,79258,68881,68801,45826,25143,15956,0
465,07/06/2021 06:00:00 AM,26215,47780,84792,79267,68883,68811,45828,25148,15957,0
466,07/07/2021 06:00:00 AM,26222,47786,84808,79273,68890,68815,45830,25153,15959,0
467,07/08/2021 06:00:00 AM,26230,47793,84831,79291,68897,68832,45844,25158,15959,0
468,07/09/2021 06:00:00 AM,26247,47808,84859,79321,68913,68845,45861,25166,15960,0
469,07/10/2021 06:00:00 AM,26257,47817,84891,79343,68932,68858,45872,25176,15961,0
470,07/11/2021 06:00:00 AM,26262,47826,84904,79359,68946,68868,45881,25177,15963,0
471,07/12/2021 06:00:00 AM,26268,47840,84925,79376,68953,68874,45882,25181,15966,0
472,07/13/2021 06:00:00 AM,26277,47854,84953,79401,68973,68882,45890,25184,15969,0
473,07/14/2021 06:00:00 AM,26283,47869,84981,79418,68991,68888,45898,25189,15970,0
474,07/15/2021 06:00:00 AM,26293,47888,85019,79453,69018,68913,45912,25197,15972,0
475,07/16/2021 06:00:00 AM,26313,47911,85070,79488,69043,68926,45919,25201,15977,0
476,07/17/2021 06:00:00 AM,26327,47931,85121,79522,69063,68950,45930,25208,15979,0
477,07/18/2021 06:00:00 AM,26343,47957,85151,79554,69084,68973,45940,25213,15982,0
478,07/19/2021 06:00:00 AM,26360,47974,85185,79580,69103,68986,45949,25215,15984,0
479,07/20/2021 06:00:00 AM,26372,47990,85223,79605,69127,69012,45957,25219,15986,0
480,07/21/2021 06:00:00 AM,26403,48015,85276,79636,69171,69040,45978,25227,15989,0
481,07/22/2021 06:00:00 AM,26435,48063,85339,79685,69215,69069,46006,25235,15991,0
482,07/23/2021 06:00:00 AM,26455,48097,85398,79743,69261,69105,46024,25245,15998,0
483,07/24/2021 06:00:00 AM,26490,48149,85455,79804,69299,69149,46042,25253,16002,0
484,07/25/2021 06:00:00 AM,26516,48192,85522,79858,69344,69178,46066,25267,16006,0
485,07/26/2021 06:00:00 AM,26552,48227,85569,79910,69368,69204,46086,25279,16010,0
486,07/27/2021 06:00:00 AM,26579,48262,85627,79969,69418,69246,46107,25291,16015,0
487,07/28/2021 06:00:00 AM,26629,48315,85720,80049,69476,69286,46130,25305,16020,0
488,07/29/2021 06:00:00 AM,26693,48394,85819,80149,69546,69344,46151,25314,16025,0
489,07/30/2021 06:00:00 AM,26749,48461,85925,80246,69625,69409,46183,25331,16032,0
490,07/31/2021 06:00:00 AM,26802,48543,86066,80354,69701,69461,46235,25347,16039,0
491,08/01/2021 06:00:00 AM,26849,48620,86188,80478,69770,69512,46267,25366,16045,0
492,08/02/2021 06:00:00 AM,26901,48682,86275,80559,69844,69552,46296,25383,16050,0
493,08/03/2021 06:00:00 AM,26935,48746,86339,80630,69886,69588,46334,25397,16055,0
494,08/04/2021 06:00:00 AM,27034,48833,86479,80750,69976,69674,46370,25424,16065,0
495,08/05/2021 06:00:00 AM,27113,48936,86614,80907,70077,69751,46420,25444,16072,0
496,08/06/2021 06:00:00 AM,27216,49061,86780,81092,70189,69836,46492,25479,16079,0
497,08/07/2021 06:00:00 AM,27322,49178,86961,81273,70311,69923,46547,25508,16093,0
498,08/08/2021 06:00:00 AM,27415,49279,87148,81430,70437,70012,46602,25534,16112,0
499,08/09/2021 06:00:00 AM,27500,49358,87263,81525,70506,70069,46649,25560,16125,0
500,08/10/2021 06:00:00 AM,27567,49442,87394,81641,70584,70156,46695,25573,16132,0
501,08/11/2021 06:00:00 AM,27681,49558,87584,81793,70691,70252,46762,25601,16148,0
502,08/12/2021 06:00:00 AM,27803,49695,87782,82000,70836,70366,46825,25649,16161,0
503,08/13/2021 06:00:00 AM,27899,49831,87966,82167,70968,70471,46897,25692,16176,0
504,08/14/2021 06:00:00 AM,28015,49969,88181,82347,71111,70568,46972,25729,16191,0
505,08/15/2021 06:00:00 AM,28125,50080,88337,82516,71236,70670,47015,25767,16206,0
506,08/16/2021 06:00:00 AM,28213,50180,88470,82663,71346,70755,47067,25803,16221,0
507,08/17/2021 06:00:00 AM,28297,50280,88622,82833,71470,70863,47144,25831,16229,0
508,08/18/2021 06:00:00 AM,28391,50409,88829,82997,71623,70992,47218,25871,16251,0
509,08/19/2021 06:00:00 AM,28512,50519,89013,83198,71763,71124,47307,25935,16270,0
510,08/20/2021 06:00:00 AM,28666,50689,89237,83408,71898,71262,47413,25980,16294,0
511,08/21/2021 06:00:00 AM,28796,50849,89449,83604,72038,71391,47503,26030,16318,0
512,08/22/2021 06:00:00 AM,28915,50973,89625,83772,72159,71515,47590,26080,16339,0
513,08/23/2021 06:00:00 AM,29021,51087,89816,83927,72271,71638,47659,26120,16354,0
514,08/24/2021 06:00:00 AM,29111,51170,89989,84081,72387,71739,47728,26165,16370,0
515,08/25/2021 06:00:00 AM,29255,51333,90193,84292,72548,71888,47825,26210,16386,0
516,08/26/2021 06:00:00 AM,29392,51496,90396,84515,72742,72023,47928,26254,16428,0
517,08/27/2021 06:00:00 AM,29554,51671,90633,84766,72944,72172,48044,26312,16451,0
518,08/28/2021 06:00:00 AM,29731,51842,90844,85015,73116,72341,48179,26369,16478,0
519,08/29/2021 06:00:00 AM,29872,51998,91013,85202,73251,72461,48264,26418,16503,0
520,08/30/2021 06:00:00 AM,29988,52123,91175,85383,73376,72553,48347,26462,16517,0
521,08/31/2021 06:00:00 AM,30125,52285,91370,85547,73522,72663,48441,26508,16541,0
522,09/01/2021 06:00:00 AM,30318,52453,91584,85815,73693,72817,48565,26568,16563,0
523,09/02/2021 06:00:00 AM,30496,52625,91780,86045,73860,72967,48665,26628,16582,0
524,09/03/2021 06:00:00 AM,30694,52811,92016,86276,74046,73143,48772,26676,16601,0
525,09/04/2021 06:00:00 AM,30837,52968,92229,86495,74203,73283,48858,26734,16622,0
526,09/05/2021 06:00:00 AM,30948,53077,92358,86656,74305,73386,48903,26762,16639,0
527,09/06/2021 06:00:00 AM,31091,53231,92534,86838,74440,73485,48981,26809,16652,0
528,09/07/2021 06:00:00 AM,31194,53327,92678,86984,74543,73563,49056,26841,16670,0
529,09/08/2021 06:00:00 AM,31291,53429,92792,87100,74643,73639,49115,26871,16677,0
530,09/09/2021 06:00:00 AM,31416,53558,92921,87228,74762,73761,49194,26925,16699,0
531,09/10/2021 06:00:00 AM,31627,53816,93153,87516,74935,73939,49323,26982,16726,0
532,09/11/2021 06:00:00 AM,31786,54039,93366,87752,75127,74122,49412,27041,16748,0
533,09/12/2021 06:00:00 AM,31959,54199,93527,87924,75289,74257,49507,27112,16769,0
534,09/13/2021 06:00:00 AM,32127,54369,93674,88115,75427,74383,49599,27157,16795,0
535,09/14/2021 06:00:00 AM,32306,54541,93829,88288,75578,74500,49677,27206,16815,0
536,09/15/2021 06:00:00 AM,32469,54736,94003,88476,75730,74636,49779,27258,16842,0
537,09/16/2021 06:00:00 AM,32653,54982,94205,88668,75894,74803,49874,27321,16859,0
538,09/17/2021 06:00:00 AM,32866,55265,94425,88908,76074,74987,49980,27387,16892,0
539,09/18/2021 06:00:00 AM,33047,55501,94621,89106,76228,75125,50070,27449,16914,0
540,09/19/2021 06:00:00 AM,33206,55687,94764,89272,76358,75216,50154,27504,16936,0
541,09/20/2021 06:00:00 AM,33405,55900,94914,89440,76513,75320,50242,27551,16951,0
542,09/21/2021 06:00:00 AM,33531,56035,95066,89605,76636,75434,50330,27595,16978,0
543,09/22/2021 06:00:00 AM,33698,56220,95226,89778,76788,75581,50419,27645,17000,0
544,09/23/2021 06:00:00 AM,33902,56449,95429,90028,76970,75727,50521,27706,17028,0
545,09/24/2021 06:00:00 AM,34085,56711,95613,90250,77117,75892,50637,27760,17058,0
546,09/25/2021 06:00:00 AM,34293,56979,95856,90495,77314,76054,50775,27846,17078,0
547,09/26/2021 06:00:00 AM,34452,57171,95992,90668,77453,76208,50860,27897,17103,0
548,09/27/2021 06:00:00 AM,34607,57320,96107,90825,77570,76322,50937,27940,17136,0
549,09/28/2021 06:00:00 AM,34732,57464,96237,90990,77681,76440,51033,27996,17163,0
550,09/29/2021 06:00:00 AM,34897,57652,96397,91164,77804,76555,51133,28061,17198,0
551,09/30/2021 06:00:00 AM,35098,57905,96627,91409,77990,76708,51254,28123,17226,0
552,10/01/2021 06:00:00 AM,35328,58171,96825,91666,78162,76906,51374,28183,17255,0
553,10/02/2021 06:00:00 AM,35482,58401,96989,91872,78335,77056,51494,28246,17282,0
554,10/03/2021 06:00:00 AM,35671,58576,97144,92037,78464,77171,51573,28303,17310,0
555,10/04/2021 06:00:00 AM,35833,58734,97283,92228,78587,77297,51674,28365,17326,0
556,10/05/2021 06:00:00 AM,35936,58821,97363,92338,78661,77377,51737,28395,17348,0
557,10/06/2021 06:00:00 AM,36093,58956,97524,92495,78816,77495,51826,28474,17374,0
558,10/07/2021 06:00:00 AM,36267,59176,97714,92727,78989,77672,51964,28537,17405,0
559,10/08/2021 06:00:00 AM,36415,59369,97876,92913,79135,77798,52085,28597,17439,0
560,10/09/2021 06:00:00 AM,36620,59544,98027,93115,79291,77961,52184,28670,17474,0
561,10/10/2021 06:00:00 AM,36827,59779,98238,93317,79446,78099,52278,28736,17499,0
562,10/11/2021 06:00:00 AM,36925,59900,98348,93447,79541,78196,52368,28781,17522,0
563,10/12/2021 06:00:00 AM,36975,59951,98396,93523,79600,78256,52402,28804,17532,0
564,10/13/2021 06:00:00 AM,37125,60100,98543,93701,79733,78412,52502,28872,17564,0
565,10/14/2021 06:00:00 AM,37286,60286,98694,93883,79874,78550,52604,28912,17586,0
566,10/15/2021 06:00:00 AM,37417,60443,98840,94065,80003,78687,52707,28964,17617,0
567,10/16/2021 06:00:00 AM,37573,60603,98945,94212,80108,78786,52786,29021,17645,0
568,10/17/2021 06:00:00 AM,37676,60751,99073,94354,80230,78883,52862,29061,17660,0
569,10/18/2021 06:00:00 AM,37765,60841,99168,94494,80328,78965,52929,29093,17681,0
570,10/19/2021 06:00:00 AM,37825,60906,99235,94577,80418,79036,52978,29134,17698,0
571,10/20/2021 06:00:00 AM,37933,61005,99322,94692,80498,79125,53051,29180,17718,0
572,10/21/2021 06:00:00 AM,38064,61168,99456,94876,80630,79263,53150,29236,17750,0
573,10/22/2021 06:00:00 AM,38171,61293,99583,95009,80739,79370,53243,29278,17770,0
574,10/23/2021 06:00:00 AM,38315,61426,99693,95154,80852,79490,53325,29314,17797,0
575,10/24/2021 06:00:00 AM,38425,61532,99775,95262,80940,79574,53388,29363,17824,0
576,10/25/2021 06:00:00 AM,38492,61602,99837,95351,81003,79641,53441,29393,17835,0
577,10/26/2021 06:00:00 AM,38594,61680,99889,95464,81076,79700,53505,29425,17859,0
578,10/27/2021 06:00:00 AM,38692,61781,99977,95580,81174,79791,53573,29470,17885,0
579,10/28/2021 06:00:00 AM,38838,61928,100094,95728,81279,79901,53657,29522,17905,0
580,10/29/2021 06:00:00 AM,38948,62056,100224,95873,81394,80024,53745,29571,17928,0
581,10/30/2021 06:00:00 AM,39095,62182,100315,96016,81506,80137,53827,29606,17950,0
582,10/31/2021 06:00:00 AM,39201,62272,100404,96123,81570,80210,53895,29635,17960,0
583,11/01/2021 06:00:00 AM,39265,62340,100457,96206,81631,80260,53935,29653,17971,0
584,11/02/2021 06:00:00 AM,39333,62409,100527,96294,81689,80304,53990,29676,17978,0
585,11/03/2021 06:00:00 AM,39439,62511,100603,96396,81780,80397,54064,29708,17998,0
586,11/04/2021 06:00:00 AM,39564,62623,100714,96536,81889,80479,54139,29744,18008,0
587,11/05/2021 06:00:00 AM,39691,62770,100835,96660,82003,80582,54211,29787,18025,0
588,11/06/2021 06:00:00 AM,39829,62871,100930,96789,82111,80679,54278,29826,18042,0
589,11/07/2021 05:00:00 AM,39942,63004,101020,96918,82186,80757,54343,29855,18057,0
590,11/08/2021 05:00:00 AM,40040,63085,101088,97011,82249,80817,54395,29880,18072,0
591,11/09/2021 05:00:00 AM,40096,63134,101167,97073,82308,80873,54441,29900,18093,0
592,11/10/2021 05:00:00 AM,40225,63269,101274,97214,82402,80965,54521,29950,18109,0
593,11/11/2021 05:00:00 AM,40393,63416,101380,97364,82548,81076,54615,29996,18126,0
594,11/12/2021 05:00:00 AM,40553,63561,101510,97512,82643,81174,54693,30036,18141,0
595,11/13/2021 05:00:00 AM,40699,63731,101648,97663,82757,81285,54773,30091,18159,0
596,11/14/2021 05:00:00 AM,40824,63865,101748,97815,82843,81389,54842,30122,18177,0
597,11/15/2021 05:00:00 AM,40946,63966,101847,97915,82936,81486,54904,30158,18184,0
598,11/16/2021 05:00:00 AM,41044,64057,101929,98046,83035,81572,54976,30192,18193,0
599,11/17/2021 05:00:00 AM,41156,64161,102035,98180,83136,81676,55047,30231,18213,0
600,11/18/2021 05:00:00 AM,41306,64332,102179,98347,83280,81805,55147,30286,18232,0
601,11/19/2021 05:00:00 AM,41458,64484,102331,98537,83409,81933,55242,30343,18259,0
602,11/20/2021 05:00:00 AM,41609,64629,102450,98732,83541,82073,55321,30385,18273,0
603,11/21/2021 05:00:00 AM,41784,64780,102575,98891,83667,82196,55401,30429,18296,0
604,11/22/2021 05:00:00 AM,41917,64906,102678,99033,83780,82286,55475,30463,18313,0
605,11/23/2021 05:00:00 AM,42000,65009,102788,99147,83887,82391,55543,30504,18322,0
606,11/24/2021 05:00:00 AM,42110,65132,102915,99313,84004,82511,55632,30541,18338,0
607,11/25/2021 05:00:00 AM,42272,65283,103066,99493,84144,82657,55740,30602,18354,0
608,11/26/2021 05:00:00 AM,42425,65431,103224,99674,84268,82771,55804,30638,18373,0
609,11/27/2021 05:00:00 AM,42499,65516,103334,99801,84371,82853,55860,30673,18392,0
610,11/28/2021 05:00:00 AM,42627,65610,103461,99953,84472,82964,55937,30707,18406,0
611,11/29/2021 05:00:00 AM,42735,65706,103570,100100,84581,83041,56007,30743,18416,0
612,11/30/2021 05:00:00 AM,42906,65858,103760,100313,84759,83185,56125,30803,18434,0
613,12/01/2021 05:00:00 AM,43032,66018,103907,100514,84902,83329,56254,30864,18465,0
614,12/02/2021 05:00:00 AM,43281,66285,104155,100816,85135,83579,56405,30950,18507,0
615,12/03/2021 05:00:00 AM,43514,66576,104398,101092,85360,83776,56543,31003,18551,0
616,12/04/2021 05:00:00 AM,43789,66865,104690,101366,85611,83997,56710,31068,18583,0
617,12/05/2021 05:00:00 AM,43944,67020,104851,101517,85724,84123,56782,31108,18607,0
618,12/06/2021 05:00:00 AM,44085,67180,104986,101682,85835,84242,56871,31157,18617,0
619,12/07/2021 05:00:00 AM,44237,67350,105140,101873,85987,84396,56990,31225,18646,0
620,12/08/2021 05:00:00 AM,44410,67524,105349,102066,86134,84522,57092,31282,18672,0
621,12/09/2021 05:00:00 AM,44620,67798,105622,102305,86281,84698,57215,31341,18691,0
622,12/10/2021 05:00:00 AM,44938,68117,105884,102551,86491,84899,57329,31392,18715,0
623,12/11/2021 05:00:00 AM,45116,68319,106085,102755,86667,85043,57415,31425,18731,0
624,12/12/2021 05:00:00 AM,45331,68597,106267,102977,86826,85204,57499,31468,18748,0
625,12/13/2021 05:00:00 AM,45458,68820,106495,103231,87024,85407,57616,31541,18775,0
626,12/14/2021 05:00:00 AM,45638,69106,106782,103515,87231,85633,57745,31617,18816,0
627,12/15/2021 05:00:00 AM,45862,69479,107179,103909,87519,85884,57911,31685,18846,0
628,12/16/2021 05:00:00 AM,46206,70077,107744,104403,87905,86228,58143,31806,18907,0
629,12/17/2021 05:00:00 AM,46618,70704,108377,105056,88347,86586,58386,31916,18962,0
630,12/18/2021 05:00:00 AM,47005,71357,108983,105635,88777,86920,58602,32016,19008,0
631,12/19/2021 05:00:00 AM,47321,71904,109457,106052,89062,87135,58735,32078,19031,0
632,12/20/2021 05:00:00 AM,47496,72154,109683,106244,89196,87258,58787,32101,19040,0
633,12/21/2021 05:00:00 AM,48382,73469,110892,107341,90034,87884,59081,32232,19082,0
634,12/22/2021 05:00:00 AM,48779,74222,111957,108250,90636,88369,59334,32331,19138,0
635,12/23/2021 05:00:00 AM,49494,75495,113544,109665,91719,89161,59761,32501,19195,0
636,12/24/2021 05:00:00 AM,50426,77307,115766,111745,93288,90324,60333,32708,19268,0
637,12/25/2021 05:00:00 AM,51468,78967,117814,113649,94623,91420,60884,32929,19339,0
638,12/26/2021 05:00:00 AM,52092,79904,119094,114883,95510,92082,61227,33080,19415,0
639,12/27/2021 05:00:00 AM,52709,80789,120252,115955,96350,92711,61570,33252,19483,0
640,12/28/2021 05:00:00 AM,53386,82073,121640,117387,97395,93496,61975,33430,19569,0
641,12/29/2021 05:00:00 AM,54904,83863,123953,119561,99053,94835,62637,33759,19696,0
642,12/30/2021 05:00:00 AM,56300,86085,126996,122544,101387,96764,63600,34155,19876,0
643,12/31/2021 05:00:00 AM,57546,87630,129451,125119,103429,98442,64568,34559,20070,0
644,01/01/2022 05:00:00 AM,59111,89498,132217,127936,105654,100363,65650,35019,20275,0
645,01/02/2022 05:00:00 AM,60372,90888,134241,129975,107383,101789,66513,35395,20449,0
646,01/03/2022 05:00:00 AM,61603,92783,137288,132823,109646,103671,67568,35879,20663,0
647,01/04/2022 05:00:00 AM,63471,94831,139980,135557,111753,105601,68685,36416,20877,0
648,01/05/2022 05:00:00 AM,64592,96177,142033,137622,113469,107063,69580,36814,21034,0
649,01/06/2022 05:00:00 AM,66251,97844,144352,140074,115485,108825,70686,37307,21278,0
650,01/07/2022 05:00:00 AM,67504,99540,146462,142348,117444,110582,71747,37790,21474,0
651,01/08/2022 05:00:00 AM,68922,101307,148859,144773,119492,112402,72885,38307,21709,0
652,01/09/2022 05:00:00 AM,70862,104353,151661,147674,122074,114631,74334,38928,22011,0
653,01/10/2022 05:00:00 AM,72067,106018,153204,149371,123509,115899,75164,39291,22157,0
654,01/11/2022 05:00:00 AM,73407,107697,154756,151012,125031,117242,75945,39636,22267,0
655,01/12/2022 05:00:00 AM,74776,109160,156577,152936,126723,118830,77020,40164,22493,0
656,01/13/2022 05:00:00 AM,76012,110484,158273,154813,128213,120399,78119,40809,22784,0
657,01/14/2022 05:00:00 AM,77509,111983,159643,156452,129646,121756,79109,41302,22995,0
658,01/15/2022 05:00:00 AM,78862,113414,161241,158144,131063,123103,79969,41753,23204,0
659,01/16/2022 05:00:00 AM,80088,114618,162319,159377,132117,124209,80721,42141,23377,0
660,01/17/2022 05:00:00 AM,81295,115692,163154,160376,132997,124994,81310,42432,23505,0
661,01/18/2022 05:00:00 AM,81762,116105,163628,160927,133463,125453,81654,42604,23591,0
662,01/19/2022 05:00:00 AM,82502,116757,164171,161594,134020,125965,82031,42811,23689,0
663,01/20/2022 05:00:00 AM,83868,117942,165527,163143,135235,127128,82859,43193,23877,0
664,01/21/2022 05:00:00 AM,84603,118586,166218,163952,135887,127723,83325,43445,24045,0
665,01/22/2022 05:00:00 AM,85361,119311,166861,164745,136542,128312,83803,43696,24221,0
666,01/23/2022 05:00:00 AM,85935,119849,167332,165308,137003,128816,84182,43896,24317,0
667,01/24/2022 05:00:00 AM,86322,120210,167725,165767,137358,129179,84444,44041,24380,0
668,01/25/2022 05:00:00 AM,86679,120606,168042,166158,137676,129530,84694,44179,24437,0
669,01/26/2022 05:00:00 AM,87281,120992,168440,166669,138088,129846,84945,44312,24528,0
670,01/27/2022 05:00:00 AM,87834,121450,168890,167215,138551,130252,85234,44478,24636,0
671,01/28/2022 05:00:00 AM,88333,121941,169246,167751,138961,130624,85502,44649,24706,0
672,01/29/2022 05:00:00 AM,88695,122293,169578,168160,139309,130924,85752,44763,24766,0
673,01/30/2022 05:00:00 AM,89065,122552,169820,168470,139548,131153,85966,44855,24816,0
674,01/31/2022 05:00:00 AM,89231,122723,169962,168641,139690,131277,86082,44917,24847,0
675,02/01/2022 05:00:00 AM,89580,122960,170125,168891,139878,131427,86212,44990,24889,0
676,02/02/2022 05:00:00 AM,89817,123132,170336,169136,140077,131575,86355,45059,24939,0
677,02/03/2022 05:00:00 AM,90172,123402,170567,169540,140364,131835,86565,45168,24985,0
678,02/04/2022 05:00:00 AM,90435,123660,170783,169797,140563,132053,86700,45261,25039,0
679,02/05/2022 05:00:00 AM,90771,123852,170987,170066,140754,132242,86850,45364,25096,0
680,02/06/2022 05:00:00 AM,90962,124028,171113,170255,140904,132375,86958,45426,25126,0
681,02/07/2022 05:00:00 AM,91080,124129,171193,170400,141007,132461,87049,45470,25153,0
682,02/08/2022 05:00:00 AM,91242,124213,171287,170514,141112,132554,87119,45524,25173,0
683,02/09/2022 05:00:00 AM,91371,124314,171381,170652,141200,132640,87189,45587,25198,0
684,02/10/2022 05:00:00 AM,91560,124462,171508,170844,141327,132780,87277,45651,25222,0
685,02/11/2022 05:00:00 AM,91693,124597,171609,170989,141422,132894,87370,44863,26132,0
686,02/12/2022 05:00:00 AM,91839,124713,171725,171149,141547,133012,87453,44915,26157,0
687,02/13/2022 05:00:00 AM,91975,124818,171801,171253,141629,133090,87534,44955,26173,0
688,02/14/2022 05:00:00 AM,92056,124894,171843,171309,141683,133138,87578,44969,26183,0
689,02/15/2022 05:00:00 AM,92033,124893,172001,171393,141754,133197,87648,45007,26170,0
690,02/16/2022 05:00:00 AM,92129,124960,172059,171477,141811,133240,87687,45028,26186,0
691,02/17/2022 05:00:00 AM,92226,125030,172170,171625,141900,133320,87767,45073,26217,0
692,02/18/2022 05:00:00 AM,92329,125138,172295,171778,142006,133418,87850,45124,26244,0
693,02/19/2022 05:00:00 AM,92472,125272,172418,171915,142088,133505,87932,45170,26275,0
694,02/20/2022 05:00:00 AM,92563,125401,172691,172131,142227,133604,88020,45205,26294,0
695,02/21/2022 05:00:00 AM,92621,125448,172744,172177,142271,133651,88059,45232,26302,0
696,02/22/2022 05:00:00 AM,92688,125493,172787,172228,142315,133700,88108,45250,26319,0
697,02/23/2022 05:00:00 AM,92728,125528,172840,172284,142357,133737,88162,45264,26329,0
698,02/24/2022 05:00:00 AM,92809,125602,172945,172384,142443,133821,88228,43446,28212,0
699,02/25/2022 05:00:00 AM,92884,125732,173052,172483,142528,133887,88288,43480,28228,0
700,02/26/2022 05:00:00 AM,92983,125853,173247,172662,142644,133981,88368,45376,26395,0
701,02/27/2022 05:00:00 AM,93038,125906,173293,172729,142689,134020,88412,45392,26411,0
702,02/28/2022 05:00:00 AM,93087,125949,173371,172794,142732,134066,88442,45414,26424,0
703,03/01/2022 05:00:00 AM,93137,125994,173419,172835,142786,134104,88482,43588,28289,0
704,03/02/2022 05:00:00 AM,93200,126053,173485,172897,142835,134138,88519,45468,26444,0
705,03/03/2022 05:00:00 AM,93268,126123,173545,172960,142887,134190,88563,45504,26470,0
706,03/04/2022 05:00:00 AM,93317,126173,173605,173030,142929,134228,88600,43680,28346,0
707,03/05/2022 05:00:00 AM,93363,126227,173665,173084,142974,134274,88651,45555,26497,0
708,03/06/2022 05:00:00 AM,93401,126272,173703,173116,143005,134295,88666,45573,26508,0
709,03/07/2022 05:00:00 AM,93429,126301,173730,173146,143037,134327,88689,45584,26519,0
710,03/08/2022 05:00:00 AM,93466,126345,173765,173185,143071,134361,88724,43749,28390,0
711,03/09/2022 05:00:00 AM,93498,126386,173798,173227,143107,134394,88755,45620,26548,0
712,03/10/2022 05:00:00 AM,93547,126439,173851,173295,143146,134440,88794,45639,26565,0
713,03/11/2022 05:00:00 AM,93596,126492,173898,173345,143190,134481,88829,43795,28436,0
714,03/12/2022 05:00:00 AM,93639,126559,173950,173401,143233,134525,88863,45669,26593,0
715,03/13/2022 06:00:00 AM,93667,126584,173975,173430,143258,134545,88893,45683,26601,0
716,03/14/2022 06:00:00 AM,93691,126612,174000,173451,143271,134562,88901,45690,26604,0
717,03/15/2022 06:00:00 AM,93721,126648,174034,173492,143308,134597,88931,45698,26611,0
718,03/16/2022 06:00:00 AM,93765,126697,174082,173546,143346,134635,88966,45709,26626,0
719,03/17/2022 06:00:00 AM,93810,126749,174162,173599,143389,134666,89007,45727,26639,0
720,03/18/2022 06:00:00 AM,93853,126797,174229,173671,143439,134728,89060,45751,26650,0
721,03/19/2022 06:00:00 AM,93905,126836,174286,173714,143482,134775,89104,45772,26662,0
722,03/20/2022 06:00:00 AM,93925,126861,174320,173741,143508,134803,89126,45785,26671,0
723,03/21/2022 06:00:00 AM,93947,126884,174340,173768,143532,134820,89149,45797,26678,0
724,03/22/2022 06:00:00 AM,93974,126905,174360,173792,143556,134849,89162,45815,26684,0
725,03/23/2022 06:00:00 AM,94007,126937,174409,173823,143590,134877,89182,45828,26690,0
726,03/24/2022 06:00:00 AM,94040,126994,174474,173868,143645,134921,89219,45850,26694,0
727,03/25/2022 06:00:00 AM,94070,127058,174568,173929,143683,134961,89249,45870,26708,0
728,03/26/2022 06:00:00 AM,94118,127116,174638,173985,143730,135012,89293,45884,26721,0
729,03/27/2022 06:00:00 AM,94146,127142,174669,174018,143765,135034,89321,45900,26727,0
730,03/28/2022 06:00:00 AM,94174,127163,174705,174051,143789,135051,89352,45908,26741,0
731,03/29/2022 06:00:00 AM,94218,127192,174758,174092,143819,135078,89383,45922,26749,0
732,03/30/2022 06:00:00 AM,94244,127227,174818,174137,143856,135113,89401,45939,26763,0
733,03/31/2022 06:00:00 AM,94297,127289,174901,174201,143921,135151,89425,45959,26775,0
734,04/01/2022 06:00:00 AM,94343,127344,175001,174268,143966,135213,89460,45974,26788,0
735,04/02/2022 06:00:00 AM,94402,127407,175077,174347,144033,135265,89494,45998,26799,0
736,04/03/2022 06:00:00 AM,94435,127450,175117,174382,144073,135307,89510,46008,26807,0
737,04/04/2022 06:00:00 AM,94468,127493,175161,174439,144123,135346,89533,46022,26811,0
738,04/05/2022 06:00:00 AM,94493,127529,175215,174484,144164,135391,89562,46034,26824,0
739,04/06/2022 06:00:00 AM,94539,127598,175311,174574,144234,135453,89610,46066,26838,0
740,04/07/2022 06:00:00 AM,94589,127653,175393,174659,144302,135511,89658,46094,26855,0
741,04/08/2022 06:00:00 AM,94658,127764,175556,174736,144383,135562,89704,46121,26874,0
742,04/09/2022 06:00:00 AM,94710,127856,175684,174847,144475,135657,89758,46153,26889,0
743,04/10/2022 06:00:00 AM,94780,127915,175755,174929,144543,135725,89801,46184,26906,0
744,04/11/2022 06:00:00 AM,94816,127965,175832,175004,144612,135768,89846,46210,26918,0
745,04/12/2022 06:00:00 AM,94867,128023,175917,175096,144691,135829,89888,46236,26923,0
746,04/13/2022 06:00:00 AM,94916,128065,175990,175180,144750,135893,89933,46264,26935,0
747,04/14/2022 06:00:00 AM,94992,128161,176109,175317,144837,136014,90011,46305,26955,0
748,04/15/2022 06:00:00 AM,95059,128247,176242,175452,144931,136118,90106,46347,26985,0
749,04/16/2022 06:00:00 AM,95132,128342,176395,175581,145052,136230,90217,46396,27006,0
750,04/17/2022 06:00:00 AM,95179,128405,176484,175701,145139,136343,90284,46457,27027,0
751,04/18/2022 06:00:00 AM,95224,128456,176564,175785,145232,136416,90340,46494,27047,0
752,04/19/2022 06:00:00 AM,95284,128538,176660,175900,145334,136492,90407,46532,27078,0
753,04/20/2022 06:00:00 AM,95351,128605,176764,176008,145417,136576,90461,46583,27096,0
754,04/21/2022 06:00:00 AM,95437,128710,176947,176225,145580,136706,90547,46628,27125,0
755,04/22/2022 06:00:00 AM,95533,128835,177131,176386,145707,136842,90629,46688,27169,0
756,04/23/2022 06:00:00 AM,95646,128956,177294,176551,145842,136949,90726,46763,27198,0
757,04/24/2022 06:00:00 AM,95736,129017,177412,176674,145958,137073,90790,46819,27229,0
758,04/25/2022 06:00:00 AM,95799,129051,177461,176774,146034,137135,90837,46853,27244,0
759,04/26/2022 06:00:00 AM,95914,129140,177583,176912,146153,137235,90923,46897,27269,0
760,04/27/2022 06:00:00 AM,96000,129210,177720,177026,146257,137321,90991,46941,27286,0
761,04/28/2022 06:00:00 AM,96150,129380,177922,177251,146443,137504,91135,47010,27349,0
762,04/29/2022 06:00:00 AM,96307,129533,178131,177482,146628,137698,91271,47073,27410,0
763,04/30/2022 06:00:00 AM,96464,129669,178346,177667,146788,137860,91391,47152,27438,0
764,05/01/2022 06:00:00 AM,96547,129735,178454,177787,146909,137959,91463,47196,27453,0
765,05/02/2022 06:00:00 AM,96606,129800,178520,177873,146966,138015,91519,47226,27477,0
766,05/03/2022 06:00:00 AM,96735,129925,178623,178042,147094,138151,91624,47304,27510,0
767,05/04/2022 06:00:00 AM,96875,130063,178828,178277,147282,138327,91748,47377,27561,0
768,05/05/2022 06:00:00 AM,97060,130256,179075,178523,147477,138511,91898,47451,27612,0
769,05/06/2022 06:00:00 AM,97270,130494,179419,178813,147742,138776,92065,47535,27662,0
770,05/07/2022 06:00:00 AM,97493,130791,179710,179080,147963,139002,92217,47643,27722,0
771,05/08/2022 06:00:00 AM,97622,130942,179899,179286,148134,139154,92323,47717,27759,0
772,05/09/2022 06:00:00 AM,97807,131104,180057,179497,148307,139305,92442,47777,27799,0
773,05/10/2022 06:00:00 AM,98041,131328,180295,179750,148525,139498,92590,47859,27835,0
774,05/11/2022 06:00:00 AM,98249,131543,180521,180009,148712,139687,92719,47940,27881,0
775,05/12/2022 06:00:00 AM,98547,131837,180830,180407,148986,139972,92909,48035,27948,0
776,05/13/2022 06:00:00 AM,98863,132286,181213,180762,149308,140238,93118,48141,28009,0
777,05/14/2022 06:00:00 AM,99229,132658,181577,181196,149665,140541,93344,48258,28079,0
778,05/15/2022 06:00:00 AM,99520,132874,181807,181493,149935,140772,93533,48359,28125,0
779,05/16/2022 06:00:00 AM,99707,133073,181984,181735,150162,140984,93689,48435,28182,0
780,05/17/2022 06:00:00 AM,100008,133368,182334,182096,150457,141276,93924,48531,28249,0
781,05/18/2022 06:00:00 AM,100278,133643,182621,182417,150746,141524,94080,48627,28299,0
782,05/19/2022 06:00:00 AM,100607,134084,182987,182824,151159,141875,94325,48754,28390,0
783,05/20/2022 06:00:00 AM,100963,134542,183404,183300,151570,142240,94616,48903,28483,0
784,05/21/2022 06:00:00 AM,101206,134844,183677,183634,151877,142542,94856,49012,28557,0
785,05/22/2022 06:00:00 AM,101456,135058,183910,183915,152157,142796,95033,49112,28616,0
786,05/23/2022 06:00:00 AM,101706,135253,184086,184151,152372,143032,95186,49199,28672,0
787,05/24/2022 06:00:00 AM,101964,135574,184493,184558,152764,143341,95410,49304,28731,0
788,05/25/2022 06:00:00 AM,102232,135902,184734,184851,153039,143596,95597,49383,28788,0
789,05/26/2022 06:00:00 AM,102531,136277,185089,185277,153395,143947,95858,49515,28858,0
790,05/27/2022 06:00:00 AM,102830,136691,185468,185681,153778,144312,96116,49635,28913,0
791,05/28/2022 06:00:00 AM,103060,136968,185765,186016,154095,144620,96372,49745,28987,0
792,05/29/2022 06:00:00 AM,103290,137225,186005,186300,154329,144869,96570,49836,29036,0
793,05/30/2022 06:00:00 AM,103516,137414,186165,186548,154546,145060,96744,49922,29077,0
794,05/31/2022 06:00:00 AM,103683,137530,186310,186706,154713,145216,96875,49988,29115,0
795,06/01/2022 06:00:00 AM,103913,137775,186569,186986,154939,145444,97038,50081,29164,0
796,06/02/2022 06:00:00 AM,104108,137940,186793,187205,155141,145650,97200,50156,29221,0
797,06/03/2022 06:00:00 AM,104337,138235,187126,187618,155522,146010,97462,50284,29309,0
798,06/04/2022 06:00:00 AM,104542,138460,187527,188028,155865,146340,97726,50399,29384,0
799,06/05/2022 06:00:00 AM,104692,138606,187770,188259,156070,146539,97874,50497,29435,0
800,06/06/2022 06:00:00 AM,104821,138721,187908,188454,156252,146702,98005,50566,29470,0
801,06/07/2022 06:00:00 AM,105028,138926,188203,188771,156508,146961,98174,50652,29502,0
802,06/08/2022 06:00:00 AM,105173,139067,188391,188999,156682,147172,98305,50746,29549,0
803,06/09/2022 06:00:00 AM,105369,139245,188652,189296,156918,147439,98494,50830,29597,0
804,06/10/2022 06:00:00 AM,105508,139400,188900,189592,157140,147639,98647,50927,29638,0
805,06/11/2022 06:00:00 AM,105704,139623,189212,189885,157407,147904,98827,51022,29695,0
806,06/12/2022 06:00:00 AM,105851,139720,189372,190077,157580,148042,98944,51103,29733,0
807,06/13/2022 06:00:00 AM,105944,139815,189517,190226,157730,148165,99040,51166,29761,0
808,06/14/2022 06:00:00 AM,106093,139943,189712,190446,157931,148361,99187,51236,29796,0
809,06/15/2022 06:00:00 AM,106220,140055,189895,190613,158085,148531,99321,51293,29836,0
810,06/16/2022 06:00:00 AM,106427,140229,190093,190865,158327,148772,99499,51382,29888,0
811,06/17/2022 06:00:00 AM,106636,140419,190385,191211,158631,149020,99674,51477,29944,0
812,06/18/2022 06:00:00 AM,106772,140556,190577,191438,158809,149218,99843,51578,29994,0
813,06/19/2022 06:00:00 AM,106876,140640,190720,191596,158952,149348,99957,51647,30037,0
814,06/20/2022 06:00:00 AM,106967,140725,190847,191719,159094,149472,100046,51697,30060,0
815,06/21/2022 06:00:00 AM,107056,140797,190919,191825,159183,149566,100131,51756,30099,0
816,06/22/2022 06:00:00 AM,107204,140918,191137,192094,159397,149756,100277,51859,30150,0
817,06/23/2022 06:00:00 AM,107355,141039,191380,192377,159630,149966,100464,51961,30218,0
818,06/24/2022 06:00:00 AM,107511,141172,191635,192707,159871,150221,100659,52043,30269,0
819,06/25/2022 06:00:00 AM,107670,141327,191875,192976,160097,150441,100859,52136,30341,0
820,06/26/2022 06:00:00 AM,107792,141424,192041,193165,160277,150647,101008,52231,30369,0
821,06/27/2022 06:00:00 AM,107903,141510,192159,193306,160435,150789,101116,52294,30398,0
822,06/28/2022 06:00:00 AM,108047,141646,192348,193545,160678,150985,101269,52392,30461,0
823,06/29/2022 06:00:00 AM,108210,141757,192565,193775,160881,151192,101445,52478,30502,0
824,06/30/2022 06:00:00 AM,108359,141901,192854,194051,161126,151455,101650,52567,30558,0
825,07/01/2022 06:00:00 AM,108521,142030,193155,194355,161397,151714,101859,52669,30617,0
826,07/02/2022 06:00:00 AM,108695,142141,193407,194638,161623,151926,102049,52772,30658,0
827,07/03/2022 06:00:00 AM,108806,142235,193573,194811,161802,152074,102189,52863,30707,0
828,07/04/2022 06:00:00 AM,108935,142314,193729,195022,161967,152239,102319,52943,30737,0
829,07/05/2022 06:00:00 AM,109022,142367,193841,195146,162065,152358,102422,52987,30778,0
830,07/06/2022 06:00:00 AM,109178,142486,194039,195386,162245,152566,102546,53081,30839,0
831,07/07/2022 06:00:00 AM,109299,142569,194221,195580,162427,152738,102686,53161,30890,0
832,07/08/2022 06:00:00 AM,109464,142701,194482,195918,162715,153014,102900,53296,30954,0
833,07/09/2022 06:00:00 AM,109656,142857,194754,196224,163009,153303,103100,53434,31025,0
834,07/10/2022 06:00:00 AM,109769,142932,194978,196433,163221,153492,103250,53530,31079,0
835,07/11/2022 06:00:00 AM,109889,142996,195111,196597,163352,153637,103356,53610,31127,0
836,07/12/2022 06:00:00 AM,110072,143162,195379,196911,163573,153886,103538,53712,31190,0
837,07/13/2022 06:00:00 AM,110217,143306,195686,197239,163828,154138,103721,53820,31248,0
838,07/14/2022 06:00:00 AM,110364,143435,195938,197571,164099,154389,103944,53933,31306,0
839,07/15/2022 06:00:00 AM,110531,143562,196267,197887,164330,154652,104121,54034,31377,0
840,07/16/2022 06:00:00 AM,110699,143715,196573,198198,164590,154895,104310,54145,31460,0
841,07/17/2022 06:00:00 AM,110838,143805,196763,198369,164769,155079,104492,54236,31519,0
842,07/18/2022 06:00:00 AM,110972,143892,196906,198543,164905,155238,104605,54315,31566,0
843,07/19/2022 06:00:00 AM,111138,143978,197054,198717,165056,155399,104746,54403,31608,0
844,07/20/2022 06:00:00 AM,111339,144160,197362,199023,165357,155711,104958,54539,31686,0
845,07/21/2022 06:00:00 AM,111536,144320,197668,199391,165623,156003,105219,54672,31761,0
846,07/22/2022 06:00:00 AM,111728,144449,197962,199700,165850,156235,105395,54775,31828,0
847,07/23/2022 06:00:00 AM,111925,144609,198228,199994,166130,156505,105600,54904,31886,0
848,07/24/2022 06:00:00 AM,112044,144674,198382,200140,166282,156649,105743,55001,31924,0
849,07/25/2022 06:00:00 AM,112194,144762,198532,200313,166441,156794,105862,55075,31974,0
850,07/26/2022 06:00:00 AM,112400,144926,198826,200633,166718,157049,106065,55199,32038,0
851,07/27/2022 06:00:00 AM,112608,145059,199077,200889,166915,157280,106255,55329,32105,0
852,07/28/2022 06:00:00 AM,112821,145207,199380,201192,167204,157583,106479,55460,32166,0
853,07/29/2022 06:00:00 AM,113019,145319,199665,201559,167463,157858,106705,55596,32221,0
854,07/30/2022 06:00:00 AM,113229,145436,199944,201879,167714,158110,106892,55714,32291,0
855,07/31/2022 06:00:00 AM,113360,145535,200098,202088,167878,158262,107068,55807,32347,0
856,08/01/2022 06:00:00 AM,113492,145602,200260,202246,168015,158403,107197,55887,32400,0
857,08/02/2022 06:00:00 AM,113697,145766,200473,202512,168257,158658,107385,55976,32461,0
858,08/03/2022 06:00:00 AM,113857,145908,200676,202741,168473,158874,107568,56090,32530,0
859,08/04/2022 06:00:00 AM,114045,146074,200980,203042,168753,159176,107765,56253,32602,0
860,08/05/2022 06:00:00 AM,114208,146176,201253,203332,169018,159436,107956,56368,32663,0
861,08/06/2022 06:00:00 AM,114356,146287,201488,203587,169244,159636,108151,56486,32727,0
862,08/07/2022 06:00:00 AM,114476,146370,201636,203765,169374,159784,108281,56574,32781,0
863,08/08/2022 06:00:00 AM,114596,146440,201758,203895,169486,159933,108397,56665,32835,0
864,08/09/2022 06:00:00 AM,114789,146564,202029,204207,169710,160163,108585,56790,32898,0
865,08/10/2022 06:00:00 AM,114965,146694,202301,204513,169952,160411,108792,56906,32950,0
866,08/11/2022 06:00:00 AM,115126,146829,202608,204820,170241,160689,109028,57041,33018,0
867,08/12/2022 06:00:00 AM,115268,146975,202948,205186,170511,160976,109245,57150,33081,0
868,08/13/2022 06:00:00 AM,115424,147091,203190,205452,170731,161202,109424,57229,33137,0
869,08/14/2022 06:00:00 AM,115521,147145,203338,205589,170870,161333,109538,57287,33183,0
870,08/15/2022 06:00:00 AM,115610,147195,203437,205679,170948,161433,109625,57333,33213,0
871,08/16/2022 06:00:00 AM,115743,147306,203636,205881,171121,161622,109777,57427,33261,0
872,08/17/2022 06:00:00 AM,115888,147415,203833,206072,171273,161797,109924,57514,33298,0
873,08/18/2022 06:00:00 AM,116109,147553,204071,206344,171541,162015,110142,57636,33380,0
874,08/19/2022 06:00:00 AM,116255,147668,204313,206579,171748,162220,110334,57750,33450,0
875,08/20/2022 06:00:00 AM,116363,147754,204505,206810,171934,162406,110497,57843,33522,0
876,08/21/2022 06:00:00 AM,116466,147813,204614,206942,172058,162514,110624,57900,33573,0
877,08/22/2022 06:00:00 AM,116547,147855,204715,207050,172141,162595,110720,57972,33605,0
878,08/23/2022 06:00:00 AM,116687,147971,204927,207266,172324,162797,110889,58061,33663,0
879,08/24/2022 06:00:00 AM,116803,148056,205082,207451,172466,162948,111041,58140,33700,0
880,08/25/2022 06:00:00 AM,116912,148179,205271,207667,172664,163141,111218,58232,33772,0
881,08/26/2022 06:00:00 AM,117044,148294,205435,207850,172819,163344,111363,58335,33831,0
882,08/27/2022 06:00:00 AM,117164,148413,205613,208051,173012,163512,111530,58423,33884,0
883,08/28/2022 06:00:00 AM,117230,148467,205699,208157,173125,163626,111640,58479,33928,0
884,08/29/2022 06:00:00 AM,117299,148511,205782,208243,173219,163721,111738,58531,33971,0
885,08/30/2022 06:00:00 AM,117405,148592,205979,208428,173386,163883,111854,58601,34022,0
886,08/31/2022 06:00:00 AM,117520,148662,206110,208584,173510,164007,111970,58681,34067,0
887,09/01/2022 06:00:00 AM,117645,148798,206306,208786,173691,164172,112140,58790,34132,0
888,09/02/2022 06:00:00 AM,117740,148881,206475,208963,173818,164318,112283,58873,34185,0
889,09/03/2022 06:00:00 AM,117870,148995,206646,209153,173941,164496,112411,58938,34247,0
890,09/04/2022 06:00:00 AM,117943,149039,206713,209228,173996,164590,112502,59012,34287,0
891,09/05/2022 06:00:00 AM,118016,149086,206769,209297,174069,164656,112574,59059,34313,0
892,09/06/2022 06:00:00 AM,118084,149154,206841,209359,174132,164730,112644,59105,34353,0
893,09/07/2022 06:00:00 AM,118225,149285,207003,209527,174271,164912,112762,59200,34409,0
894,09/08/2022 06:00:00 AM,118341,149427,207127,209647,174394,165003,112839,59255,34451,0
895,09/09/2022 06:00:00 AM,118488,149604,207326,209853,174569,165172,112987,59327,34497,0
896,09/10/2022 06:00:00 AM,118636,149742,207514,210070,174746,165322,113111,59404,34543,0
897,09/11/2022 06:00:00 AM,118723,149797,207580,210147,174830,165410,113190,59459,34587,0
898,09/12/2022 06:00:00 AM,118796,149869,207638,210230,174899,165472,113244,59504,34608,0
899,09/13/2022 06:00:00 AM,118898,149989,207801,210388,175050,165598,113353,59565,34643,0
900,09/14/2022 06:00:00 AM,119005,150117,207952,210542,175165,165742,113455,59640,34681,0
901,09/15/2022 06:00:00 AM,119136,150296,208123,210734,175338,165897,113573,59709,34723,0
902,09/16/2022 06:00:00 AM,119231,150452,208295,210901,175500,166058,113701,59817,34780,0
903,09/17/2022 06:00:00 AM,119369,150584,208414,211036,175629,166175,113801,59889,34822,0
904,09/18/2022 06:00:00 AM,119428,150646,208472,211111,175702,166253,113872,59943,34858,0
905,09/19/2022 06:00:00 AM,119493,150721,208535,211176,175752,166328,113940,59986,34886,0
906,09/20/2022 06:00:00 AM,119603,150838,208633,211307,175876,166441,114042,60033,34929,0
907,09/21/2022 06:00:00 AM,119700,150962,208761,211462,175987,166562,114147,60104,34981,0
908,09/22/2022 06:00:00 AM,119797,151090,208912,211632,176142,166697,114278,60179,35029,0
909,09/23/2022 06:00:00 AM,119882,151231,209042,211784,176271,166833,114380,60262,35062,0
910,09/24/2022 06:00:00 AM,119967,151352,209161,211911,176416,166972,114500,60333,35120,0
911,09/25/2022 06:00:00 AM,120027,151401,209231,211987,176484,167049,114579,60389,35149,0
912,09/26/2022 06:00:00 AM,120059,151444,209276,212039,176534,167122,114631,60425,35173,0
913,09/27/2022 06:00:00 AM,120125,151518,209373,212157,176632,167225,114718,60473,35211,0
914,09/28/2022 06:00:00 AM,120195,151592,209492,212308,176743,167360,114833,60546,35252,0
915,09/29/2022 06:00:00 AM,120246,151686,209599,212444,176858,167476,114945,60619,35308,0
916,09/30/2022 06:00:00 AM,120308,151755,209714,212587,176980,167582,115054,60690,35362,0
917,10/01/2022 06:00:00 AM,120370,151815,209841,212711,177080,167708,115151,60762,35406,0
918,10/02/2022 06:00:00 AM,120420,151853,209900,212783,177134,167788,115229,60817,35443,0
919,10/03/2022 06:00:00 AM,120464,151883,209929,212827,177169,167839,115290,60862,35469,0
920,10/04/2022 06:00:00 AM,120510,151929,210003,212913,177249,167948,115381,60916,35509,0
921,10/05/2022 06:00:00 AM,120560,151991,210098,213018,177350,168042,115471,60978,35535,0
922,10/06/2022 06:00:00 AM,120624,152068,210196,213130,177459,168155,115595,61059,35594,0
923,10/07/2022 06:00:00 AM,120685,152117,210324,213258,177563,168268,115698,61120,35632,0
924,10/08/2022 06:00:00 AM,120749,152164,210423,213349,177650,168395,115796,61180,35678,0
925,10/09/2022 06:00:00 AM,120791,152184,210466,213404,177693,168456,115859,61241,35709,0
926,10/10/2022 06:00:00 AM,120816,152204,210501,213464,177727,168508,115920,61278,35744,0
927,10/11/2022 06:00:00 AM,120853,152225,210547,213513,177781,168574,115975,61328,35780,0
928,10/12/2022 06:00:00 AM,120919,152276,210663,213637,177872,168680,116089,61403,35819,0
929,10/13/2022 06:00:00 AM,120961,152336,210765,213738,177949,168778,116195,61468,35874,0
930,10/14/2022 06:00:00 AM,121027,152410,210855,213859,178046,168891,116276,61533,35916,0
931,10/15/2022 06:00:00 AM,121100,152471,210942,213975,178162,168994,116388,61597,35967,0
932,10/16/2022 06:00:00 AM,121141,152490,210977,214038,178225,169065,116463,61632,35991,0
933,10/17/2022 06:00:00 AM,121186,152516,211014,214082,178276,169132,116513,61669,36019,0
934,10/18/2022 06:00:00 AM,121274,152583,211104,214199,178377,169230,116600,61718,36060,0
935,10/19/2022 06:00:00 AM,121341,152630,211192,214297,178468,169331,116701,61777,36097,0
936,10/20/2022 06:00:00 AM,121397,152692,211292,214400,178591,169454,116792,61836,36137,0
937,10/21/2022 06:00:00 AM,121391,152763,211392,214517,178694,169579,116883,61884,36176,0
938,10/22/2022 06:00:00 AM,121432,152816,211488,214615,178778,169694,116979,61945,36208,0
939,10/23/2022 06:00:00 AM,121470,152847,211530,214673,178824,169751,117043,61985,36236,0
940,10/24/2022 06:00:00 AM,121500,152876,211569,214719,178873,169798,117091,62035,36270,0
941,10/25/2022 06:00:00 AM,121568,152906,211656,214824,178952,169893,117153,62100,36304,0
942,10/26/2022 06:00:00 AM,121613,152938,211746,214907,179035,170005,117241,62153,36337,0
943,10/27/2022 06:00:00 AM,121686,153010,211858,215034,179150,170144,117386,62222,36391,0
944,10/28/2022 06:00:00 AM,121744,153095,211978,215177,179255,170264,117499,62287,36441,0
945,10/29/2022 06:00:00 AM,121806,153174,212075,215305,179379,170395,117589,62349,36487,0
946,10/30/2022 06:00:00 AM,121857,153215,212120,215359,179431,170463,117652,62395,36515,0
947,10/31/2022 06:00:00 AM,121892,153247,212155,215398,179460,170503,117706,62428,36542,0
948,11/01/2022 06:00:00 AM,121958,153311,212273,215527,179570,170625,117814,62487,36578,0
949,11/02/2022 06:00:00 AM,122016,153365,212375,215612,179653,170732,117892,62561,36638,0
950,11/03/2022 06:00:00 AM,122098,153441,212501,215754,179764,170854,118011,62615,36702,0
951,11/04/2022 06:00:00 AM,122181,153520,212620,215881,179867,170986,118103,62674,36743,0
952,11/05/2022 06:00:00 AM,122252,153617,212755,216006,179968,171110,118207,62738,36794,0
953,11/06/2022 05:00:00 AM,122293,153648,212813,216071,180028,171190,118270,62783,36827,0
954,11/07/2022 05:00:00 AM,122346,153683,212861,216118,180087,171256,118335,62827,36861,0
955,11/08/2022 05:00:00 AM,122424,153760,212985,216260,180186,171381,118422,62888,36902,0
956,11/09/2022 05:00:00 AM,122486,153808,213056,216341,180246,171449,118493,62944,36932,0
957,11/10/2022 05:00:00 AM,122559,153879,213170,216452,180356,171565,118608,62998,36971,0
958,11/11/2022 05:00:00 AM,122631,153943,213279,216575,180444,171685,118692,63050,37003,0
959,11/12/2022 05:00:00 AM,122683,153974,213325,216639,180511,171765,118775,63103,37032,0
960,11/13/2022 05:00:00 AM,122718,153994,213365,216691,180563,171825,118834,63144,37057,0
961,11/14/2022 05:00:00 AM,122744,154007,213391,216730,180595,171855,118871,63169,37081,0
962,11/15/2022 05:00:00 AM,122809,154058,213492,216854,180693,171967,118967,63238,37131,0
963,11/16/2022 05:00:00 AM,122855,154107,213579,216947,180790,172069,119046,63299,37191,0
964,11/17/2022 05:00:00 AM,122910,154162,213689,217057,180889,172179,119154,63363,37227,0
965,11/18/2022 05:00:00 AM,122960,154232,213796,217168,180974,172291,119254,63423,37260,0
966,11/19/2022 05:00:00 AM,123016,154301,213894,217274,181074,172399,119351,63484,37315,0
967,11/20/2022 05:00:00 AM,123055,154325,213957,217343,181128,172471,119401,63522,37356,0
968,11/21/2022 05:00:00 AM,123086,154338,213997,217381,181164,172509,119447,63557,37382,0
969,11/22/2022 05:00:00 AM,123133,154377,214102,217493,181252,172613,119531,63613,37421,0
970,11/23/2022 05:00:00 AM,123174,154417,214211,217586,181326,172707,119623,63675,37457,0
971,11/24/2022 05:00:00 AM,123241,154478,214295,217708,181400,172809,119724,63744,37508,0
972,11/25/2022 05:00:00 AM,123287,154500,214348,217783,181456,172883,119802,63797,37546,0
973,11/26/2022 05:00:00 AM,123324,154510,214386,217822,181487,172925,119843,63826,37576,0
974,11/27/2022 05:00:00 AM,123373,154526,214430,217878,181520,172979,119891,63861,37602,0
975,11/28/2022 05:00:00 AM,123409,154549,214478,217925,181563,173046,119935,63904,37628,0
976,11/29/2022 05:00:00 AM,123494,154623,214644,218125,181697,173202,120063,63980,37687,0
977,11/30/2022 05:00:00 AM,123589,154677,214769,218225,181804,173307,120153,64045,37739,0
978,12/01/2022 05:00:00 AM,123695,154758,214963,218427,181964,173517,120335,64152,37795,0
979,12/02/2022 05:00:00 AM,123805,154842,215145,218625,182110,173694,120515,64261,37861,0
980,12/03/2022 05:00:00 AM,123894,154902,215295,218778,182236,173851,120637,64344,37917,0
981,12/04/2022 05:00:00 AM,123975,154954,215404,218900,182355,173971,120754,64422,37973,0
982,12/05/2022 05:00:00 AM,124029,154980,215467,218964,182404,174027,120813,64481,38006,0
983,12/06/2022 05:00:00 AM,124096,155040,215597,219129,182515,174148,120900,64554,38059,0
984,12/07/2022 05:00:00 AM,124158,155114,215723,219259,182620,174279,121013,64629,38121,0
985,12/08/2022 05:00:00 AM,124251,155195,215860,219403,182751,174411,121177,64714,38188,0
986,12/09/2022 05:00:00 AM,124336,155278,216023,219581,182874,174604,121335,64814,38247,0
987,12/10/2022 05:00:00 AM,124418,155372,216179,219764,183031,174772,121472,64901,38305,0
